indian,[(0, 1)]
borage,[(0, 1)]
doddapatre,[(0, 1)]
cleaned,[(0, 1), (31, 1), (50, 1), (92, 1), (109, 1), (120, 1), (138, 1), (155, 1)]
and,[(0, 1), (5, 1), (6, 1), (11, 1), (15, 1), (19, 1), (23, 1), (26, 1), (31, 1), (32, 1), (37, 1), (38, 1), (41, 1), (50, 1), (53, 2), (54, 1), (55, 1), (56, 1), (59, 2), (60, 1), (65, 1), (73, 1), (77, 1), (81, 1), (83, 1), (89, 1), (96, 1), (99, 1), (101, 1), (106, 1), (107, 1), (108, 1), (109, 1), (114, 1), (115, 1), (120, 1), (131, 1), (133, 1), (140, 2), (144, 2), (148, 3), (154, 2), (156, 1), (158, 2), (161, 1), (173, 1), (178, 1), (179, 2), (180, 3), (181, 1), (186, 1), (188, 4), (189, 1), (190, 1), (193, 1)]
washed,[(0, 1), (1, 1), (35, 2), (54, 1), (60, 1), (92, 1), (101, 1), (120, 1), (186, 1), (187, 1)]
curd,[(0, 1), (1, 1), (7, 1), (10, 1), (16, 1), (18, 1), (28, 1), (30, 1), (43, 1), (46, 1), (59, 1), (60, 1), (65, 1), (85, 1), (88, 1), (126, 1), (134, 1), (135, 1), (141, 1), (146, 1), (160, 1), (163, 1), (164, 1), (178, 1), (181, 1), (185, 1), (187, 1), (192, 1)]
dahi,[(0, 1), (1, 1), (7, 1), (10, 1), (16, 1), (18, 1), (28, 1), (30, 1), (43, 1), (59, 1), (60, 1), (65, 1), (85, 1), (126, 1), (134, 1), (135, 1), (141, 1), (146, 1), (160, 1), (163, 1), (164, 1), (178, 1), (181, 1), (185, 1), (187, 1), (192, 1)]
yogurt,[(0, 1), (1, 1), (7, 1), (10, 1), (16, 1), (18, 1), (28, 1), (30, 1), (43, 1), (46, 1), (59, 1), (60, 1), (65, 1), (85, 1), (88, 1), (126, 1), (134, 1), (135, 1), (141, 1), (146, 1), (160, 1), (163, 1), (164, 1), (178, 1), (181, 1), (185, 1), (187, 1), (192, 1)]
cumin,[(0, 1), (1, 1), (3, 1), (4, 1), (6, 1), (7, 1), (8, 2), (12, 1), (13, 2), (17, 1), (19, 1), (20, 1), (21, 2), (23, 1), (25, 1), (27, 1), (28, 1), (29, 1), (30, 1), (31, 1), (33, 1), (35, 2), (36, 1), (37, 1), (39, 1), (40, 1), (41, 1), (42, 2), (43, 2), (46, 1), (47, 1), (49, 1), (51, 1), (52, 2), (60, 1), (61, 1), (63, 2), (64, 1), (65, 1), (66, 1), (67, 1), (68, 1), (71, 1), (72, 1), (73, 1), (77, 2), (79, 1), (80, 1), (83, 1), (88, 1), (89, 1), (90, 2), (91, 1), (93, 1), (94, 1), (95, 2), (97, 1), (98, 1), (99, 1), (100, 2), (101, 2), (102, 2), (104, 1), (105, 1), (106, 2), (107, 1), (108, 1), (110, 1), (111, 2), (113, 1), (114, 2), (115, 1), (119, 1), (120, 1), (121, 1), (122, 1), (124, 2), (125, 1), (129, 1), (130, 2), (132, 2), (134, 1), (135, 1), (137, 1), (139, 1), (140, 1), (141, 1), (142, 1), (143, 1), (144, 1), (146, 1), (147, 1), (148, 1), (150, 1), (151, 2), (153, 1), (155, 1), (157, 1), (159, 1), (163, 2), (164, 1), (165, 1), (166, 2), (167, 1), (170, 1), (172, 1), (177, 1), (178, 1), (181, 1), (184, 2), (185, 2), (186, 1), (187, 1), (188, 2), (189, 1), (193, 2), (195, 1), (196, 2), (198, 1)]
seeds,[(0, 1), (3, 1), (5, 1), (7, 3), (8, 2), (10, 1), (11, 1), (12, 2), (13, 1), (14, 1), (16, 3), (17, 5), (18, 2), (19, 7), (20, 3), (21, 3), (22, 1), (23, 4), (24, 1), (25, 2), (26, 3), (27, 4), (28, 1), (30, 1), (31, 5), (33, 2), (34, 1), (35, 3), (36, 1), (37, 1), (39, 2), (40, 1), (41, 4), (42, 3), (43, 1), (45, 3), (46, 1), (49, 2), (50, 1), (51, 1), (52, 6), (53, 4), (54, 1), (56, 1), (57, 2), (58, 1), (59, 1), (60, 2), (61, 2), (63, 5), (64, 4), (65, 1), (67, 5), (68, 1), (71, 2), (72, 2), (73, 2), (74, 1), (75, 1), (77, 1), (78, 3), (79, 2), (80, 2), (83, 2), (86, 1), (87, 5), (89, 5), (90, 6), (91, 1), (93, 3), (94, 2), (95, 1), (96, 2), (97, 2), (98, 2), (99, 4), (100, 2), (102, 7), (103, 1), (104, 1), (105, 1), (106, 1), (108, 2), (109, 1), (111, 1), (112, 2), (113, 1), (114, 2), (115, 1), (117, 1), (119, 1), (120, 3), (121, 2), (122, 2), (124, 1), (125, 4), (128, 4), (129, 2), (130, 2), (131, 4), (132, 3), (133, 2), (134, 1), (135, 2), (136, 1), (137, 1), (139, 2), (140, 2), (142, 1), (143, 2), (144, 2), (145, 1), (147, 3), (148, 4), (149, 3), (150, 1), (151, 1), (153, 3), (154, 2), (155, 1), (156, 1), (157, 2), (159, 2), (160, 1), (162, 1), (163, 1), (164, 2), (165, 1), (166, 1), (167, 2), (170, 2), (171, 1), (172, 2), (173, 3), (176, 2), (177, 6), (179, 1), (180, 1), (181, 1), (184, 2), (185, 1), (186, 2), (188, 1), (190, 1), (192, 1), (193, 1), (194, 1), (195, 3), (196, 4), (199, 1)]
jeera,[(0, 1), (1, 1), (3, 1), (4, 1), (6, 1), (7, 1), (8, 2), (12, 1), (13, 2), (17, 1), (19, 1), (20, 1), (21, 2), (23, 1), (25, 1), (27, 1), (28, 1), (29, 1), (30, 1), (31, 1), (33, 1), (35, 2), (36, 1), (37, 1), (39, 1), (40, 1), (41, 1), (42, 2), (43, 2), (46, 1), (47, 1), (49, 1), (51, 1), (52, 2), (60, 1), (61, 1), (63, 2), (64, 1), (65, 1), (66, 1), (67, 1), (68, 1), (71, 1), (72, 1), (73, 1), (77, 2), (79, 1), (80, 1), (82, 1), (83, 1), (88, 1), (89, 1), (90, 2), (91, 1), (93, 1), (94, 1), (95, 2), (97, 1), (98, 1), (99, 1), (100, 2), (101, 2), (102, 2), (104, 1), (105, 1), (106, 2), (107, 1), (108, 1), (110, 1), (111, 2), (113, 1), (114, 1), (115, 1), (119, 1), (120, 1), (121, 1), (122, 1), (124, 2), (125, 1), (129, 1), (130, 2), (132, 2), (134, 1), (135, 1), (137, 1), (139, 1), (140, 1), (141, 1), (142, 1), (143, 1), (144, 1), (146, 1), (147, 1), (148, 1), (150, 1), (151, 2), (153, 1), (155, 1), (157, 1), (159, 1), (163, 2), (164, 1), (165, 1), (166, 2), (167, 1), (170, 1), (172, 1), (177, 1), (178, 1), (181, 1), (184, 2), (185, 2), (186, 1), (187, 1), (188, 2), (189, 1), (193, 2), (195, 1), (196, 2), (198, 1)]
whole,[(0, 1), (5, 1), (15, 1), (17, 1), (22, 1), (23, 1), (24, 2), (25, 1), (27, 1), (29, 1), (31, 1), (35, 1), (37, 1), (39, 1), (46, 2), (52, 1), (55, 1), (57, 1), (58, 1), (60, 1), (64, 1), (67, 1), (68, 3), (69, 1), (70, 1), (73, 1), (77, 1), (81, 1), (82, 1), (83, 1), (89, 1), (90, 1), (93, 1), (94, 1), (99, 1), (101, 1), (108, 1), (111, 1), (120, 1), (126, 2), (129, 1), (130, 1), (131, 1), (132, 1), (137, 1), (138, 1), (140, 1), (142, 1), (156, 1), (157, 1), (160, 2), (164, 1), (165, 1), (167, 1), (173, 1), (175, 1), (176, 1), (177, 1), (178, 1), (182, 2), (183, 2), (189, 1), (193, 1), (195, 1), (196, 1), (197, 1)]
black,[(0, 1), (7, 1), (8, 1), (16, 1), (17, 1), (22, 1), (23, 1), (25, 1), (27, 1), (31, 1), (37, 1), (38, 1), (39, 1), (46, 2), (48, 1), (52, 3), (55, 1), (58, 1), (64, 1), (67, 1), (68, 1), (73, 1), (74, 1), (88, 1), (89, 1), (90, 1), (93, 1), (94, 2), (98, 1), (99, 1), (110, 1), (111, 1), (126, 1), (130, 1), (132, 1), (138, 1), (140, 2), (156, 1), (160, 2), (165, 1), (168, 1), (173, 1), (175, 1), (176, 1), (177, 1), (182, 1), (183, 2), (187, 2), (196, 1)]
peppercorns,[(0, 1), (17, 1), (20, 1), (23, 1), (25, 1), (27, 1), (31, 1), (39, 1), (46, 1), (52, 1), (55, 1), (58, 1), (64, 1), (73, 1), (89, 1), (90, 1), (93, 1), (94, 1), (99, 1), (111, 1), (126, 1), (130, 1), (138, 1), (140, 1), (156, 1), (160, 1), (165, 1), (176, 1), (177, 1), (183, 2), (196, 1)]
dessicated,[(0, 1)]
coconut,[(0, 1), (3, 1), (9, 1), (11, 1), (12, 2), (14, 1), (17, 1), (19, 1), (20, 1), (23, 3), (30, 1), (31, 1), (32, 1), (33, 1), (34, 1), (35, 1), (38, 2), (39, 1), (45, 1), (46, 1), (50, 1), (52, 1), (55, 2), (56, 1), (59, 1), (61, 1), (64, 1), (71, 1), (72, 1), (73, 2), (74, 3), (75, 1), (78, 1), (80, 1), (87, 1), (89, 1), (90, 1), (93, 1), (96, 1), (97, 1), (99, 1), (104, 1), (106, 1), (109, 1), (112, 1), (118, 1), (122, 1), (127, 1), (128, 2), (130, 1), (132, 2), (133, 1), (135, 1), (137, 1), (139, 1), (140, 1), (145, 1), (147, 1), (148, 1), (152, 1), (153, 2), (158, 1), (167, 2), (173, 3), (176, 1), (177, 1), (180, 1), (190, 2), (194, 1), (196, 1), (199, 1)]
salt,[(0, 1), (1, 1), (2, 1), (3, 1), (4, 1), (5, 1), (6, 1), (7, 1), (8, 1), (9, 1), (10, 2), (11, 1), (13, 1), (14, 1), (15, 1), (16, 1), (17, 1), (18, 2), (19, 1), (20, 1), (21, 1), (22, 1), (23, 1), (24, 2), (25, 1), (26, 1), (28, 2), (29, 3), (30, 1), (31, 1), (32, 1), (33, 1), (34, 1), (35, 1), (36, 1), (37, 1), (38, 1), (39, 1), (40, 1), (42, 1), (43, 2), (44, 1), (45, 1), (47, 1), (48, 1), (50, 1), (51, 1), (52, 1), (53, 1), (55, 1), (57, 2), (58, 1), (59, 1), (60, 1), (61, 1), (63, 1), (64, 1), (65, 1), (66, 1), (67, 1), (68, 1), (69, 2), (71, 1), (72, 1), (73, 1), (74, 1), (75, 1), (76, 1), (77, 1), (78, 1), (79, 1), (81, 1), (83, 1), (84, 1), (85, 1), (86, 1), (88, 1), (90, 1), (91, 1), (93, 1), (94, 1), (96, 1), (97, 1), (99, 1), (100, 1), (101, 1), (102, 1), (103, 1), (104, 1), (105, 1), (106, 2), (107, 1), (108, 1), (109, 2), (110, 1), (111, 1), (113, 1), (114, 1), (115, 1), (116, 1), (117, 2), (118, 1), (119, 1), (120, 1), (122, 1), (123, 1), (127, 1), (128, 2), (129, 1), (130, 1), (131, 1), (132, 1), (133, 1), (134, 1), (135, 1), (136, 1), (137, 1), (139, 1), (140, 1), (141, 1), (142, 1), (143, 1), (144, 1), (145, 1), (146, 1), (147, 1), (148, 1), (149, 1), (151, 1), (152, 1), (153, 2), (154, 1), (155, 1), (156, 1), (157, 1), (158, 1), (159, 1), (160, 1), (161, 1), (162, 1), (163, 1), (164, 1), (165, 1), (166, 1), (167, 1), (169, 1), (170, 1), (171, 1), (172, 1), (173, 2), (175, 1), (177, 1), (178, 2), (179, 1), (180, 1), (181, 1), (182, 1), (183, 1), (184, 1), (185, 1), (186, 1), (187, 1), (188, 2), (189, 1), (190, 2), (191, 1), (192, 1), (193, 2), (194, 1), (195, 2), (196, 1), (197, 1), (198, 1), (199, 1)]
ghee,[(0, 1), (15, 1), (18, 1), (23, 2), (28, 1), (29, 2), (35, 1), (46, 1), (54, 1), (56, 1), (57, 1), (68, 1), (69, 1), (81, 1), (82, 1), (88, 1), (92, 1), (94, 1), (101, 1), (104, 1), (118, 1), (126, 1), (129, 1), (134, 1), (136, 1), (137, 1), (141, 1), (150, 1), (152, 1), (155, 1), (156, 2), (160, 1), (164, 1), (170, 1), (171, 1), (174, 1), (175, 1), (177, 1), (181, 1), (183, 1), (185, 1), (186, 1), (189, 1), (195, 1)]
fish,[(1, 1), (18, 1), (21, 1), (43, 1), (138, 1)]
nicely,[(1, 1)]
with,[(1, 1), (21, 1), (77, 1), (110, 1), (116, 1), (142, 1), (183, 1)]
bones,[(1, 1), (110, 1), (142, 1), (183, 1)]
on,[(1, 1), (189, 1)]
i,[(1, 1), (11, 1)]
used,[(1, 1), (11, 1)]
pompano,[(1, 1)]
for,[(1, 1), (2, 1), (4, 3), (6, 1), (7, 1), (10, 2), (11, 1), (12, 1), (18, 2), (19, 2), (22, 1), (23, 3), (24, 3), (25, 1), (26, 1), (28, 3), (29, 2), (30, 1), (31, 2), (35, 1), (37, 1), (38, 1), (40, 1), (43, 2), (44, 1), (47, 1), (49, 1), (52, 3), (53, 1), (56, 2), (57, 2), (58, 1), (61, 1), (63, 2), (64, 2), (67, 1), (68, 3), (69, 3), (70, 2), (71, 1), (73, 2), (81, 2), (82, 3), (83, 1), (87, 3), (90, 3), (93, 4), (94, 1), (95, 2), (96, 2), (98, 1), (100, 1), (106, 1), (107, 1), (108, 1), (109, 1), (110, 1), (112, 1), (117, 1), (119, 4), (120, 1), (121, 2), (123, 1), (126, 1), (128, 2), (130, 1), (131, 1), (132, 1), (134, 2), (137, 1), (142, 2), (143, 1), (144, 2), (145, 2), (147, 1), (150, 1), (153, 1), (154, 1), (156, 2), (160, 1), (163, 2), (164, 4), (167, 1), (169, 1), (173, 2), (174, 1), (175, 1), (177, 3), (178, 2), (179, 2), (180, 2), (181, 2), (182, 1), (183, 1), (184, 1), (185, 3), (188, 2), (189, 1), (190, 1), (194, 1), (195, 2), (196, 1)]
marination,[(1, 1)]
onions,[(1, 1), (17, 1), (26, 2), (33, 2), (40, 1), (43, 1), (58, 1), (67, 1), (82, 1), (87, 2), (90, 2), (94, 1), (107, 2), (108, 1), (113, 1), (125, 1), (130, 2), (132, 2), (134, 1), (152, 1), (153, 2), (156, 2), (160, 1), (164, 1), (165, 1), (167, 2), (169, 1), (172, 1), (185, 1), (186, 2), (188, 1)]
green,[(1, 1), (2, 1), (3, 1), (4, 2), (5, 1), (6, 2), (8, 1), (10, 1), (12, 3), (18, 1), (20, 1), (22, 1), (24, 2), (28, 1), (29, 1), (30, 1), (31, 1), (33, 1), (36, 1), (37, 1), (38, 1), (39, 1), (42, 1), (46, 1), (48, 2), (50, 2), (55, 2), (56, 1), (57, 1), (59, 1), (61, 1), (62, 1), (63, 1), (64, 1), (65, 4), (66, 1), (68, 2), (69, 1), (70, 1), (71, 1), (72, 1), (73, 1), (74, 1), (77, 1), (80, 2), (82, 1), (83, 1), (84, 1), (85, 1), (86, 1), (88, 1), (89, 1), (94, 1), (95, 1), (97, 2), (98, 1), (99, 1), (100, 1), (101, 1), (104, 1), (105, 2), (109, 1), (111, 1), (112, 1), (113, 1), (114, 3), (115, 1), (116, 2), (117, 2), (118, 1), (119, 1), (120, 1), (121, 1), (123, 1), (124, 1), (125, 1), (129, 1), (130, 1), (132, 1), (135, 1), (136, 1), (137, 1), (138, 1), (140, 1), (142, 1), (143, 1), (144, 2), (146, 1), (147, 1), (148, 1), (149, 1), (150, 3), (152, 1), (153, 2), (154, 1), (155, 1), (156, 2), (158, 1), (159, 1), (162, 1), (163, 1), (164, 1), (165, 1), (166, 2), (167, 2), (169, 2), (171, 1), (172, 1), (175, 1), (176, 1), (178, 1), (179, 1), (180, 1), (183, 1), (187, 1), (188, 3), (189, 1), (192, 1), (193, 1), (195, 2)]
chillies,[(1, 1), (3, 1), (4, 1), (8, 1), (9, 1), (10, 1), (11, 2), (12, 1), (18, 2), (19, 2), (20, 1), (21, 1), (23, 3), (24, 1), (25, 1), (27, 1), (29, 1), (32, 1), (33, 1), (34, 1), (35, 1), (39, 2), (41, 1), (42, 1), (43, 1), (48, 1), (50, 1), (52, 1), (55, 1), (56, 2), (57, 2), (59, 1), (61, 3), (63, 1), (64, 1), (67, 1), (69, 1), (70, 1), (71, 2), (72, 1), (73, 1), (78, 1), (80, 1), (82, 1), (84, 1), (85, 1), (87, 1), (88, 1), (89, 2), (90, 1), (91, 1), (93, 1), (94, 1), (95, 1), (96, 1), (97, 2), (99, 1), (102, 1), (104, 1), (109, 1), (111, 1), (112, 2), (113, 1), (115, 1), (116, 1), (117, 1), (119, 1), (121, 2), (123, 1), (124, 1), (128, 1), (129, 1), (130, 2), (133, 1), (134, 1), (136, 2), (138, 1), (139, 1), (140, 1), (142, 1), (143, 2), (145, 1), (147, 3), (148, 1), (152, 1), (153, 1), (154, 1), (157, 2), (160, 1), (161, 1), (163, 1), (164, 1), (165, 1), (171, 1), (173, 1), (175, 1), (176, 1), (177, 2), (179, 2), (180, 2), (181, 1), (183, 1), (184, 1), (185, 1), (186, 1), (187, 1), (189, 1), (190, 1), (192, 1), (193, 1), (194, 1), (196, 1), (199, 1)]
tandoori,[(1, 1), (85, 1)]
masala,[(1, 2), (2, 1), (5, 1), (6, 1), (8, 1), (13, 1), (23, 1), (24, 1), (30, 2), (32, 1), (35, 1), (36, 1), (37, 1), (38, 1), (40, 1), (42, 2), (43, 1), (44, 2), (46, 1), (47, 2), (49, 1), (51, 1), (62, 1), (64, 2), (65, 1), (66, 1), (68, 1), (69, 1), (70, 3), (71, 1), (77, 1), (83, 1), (84, 2), (85, 2), (86, 1), (87, 1), (88, 1), (90, 1), (94, 1), (95, 2), (99, 1), (105, 1), (109, 1), (111, 1), (116, 1), (123, 1), (126, 1), (128, 1), (129, 1), (132, 1), (134, 1), (140, 1), (141, 2), (146, 1), (150, 1), (151, 1), (153, 1), (161, 1), (164, 1), (165, 2), (166, 1), (169, 1), (170, 1), (177, 1), (178, 2), (179, 1), (180, 1), (185, 1), (191, 1), (198, 1)]
ginger,[(1, 1), (2, 1), (4, 1), (5, 1), (6, 1), (7, 2), (8, 1), (18, 1), (20, 1), (22, 1), (24, 1), (25, 1), (28, 1), (29, 1), (30, 1), (31, 1), (37, 1), (38, 1), (41, 1), (42, 1), (43, 1), (46, 1), (47, 1), (56, 1), (58, 1), (62, 1), (64, 1), (65, 1), (66, 1), (67, 1), (68, 2), (70, 1), (74, 1), (75, 1), (79, 1), (82, 1), (83, 1), (84, 1), (85, 1), (88, 1), (89, 1), (92, 1), (94, 1), (95, 1), (96, 1), (99, 1), (101, 1), (105, 1), (109, 1), (110, 1), (111, 1), (113, 1), (115, 1), (119, 1), (121, 1), (124, 1), (127, 1), (134, 1), (136, 1), (141, 1), (142, 1), (150, 1), (152, 1), (153, 1), (155, 1), (156, 1), (159, 1), (160, 1), (164, 1), (168, 1), (169, 1), (172, 1), (175, 1), (178, 2), (180, 1), (183, 2), (184, 1), (185, 1), (187, 1), (188, 1), (193, 1), (198, 1)]
garlic,[(1, 1), (4, 1), (5, 1), (6, 1), (8, 1), (9, 1), (14, 1), (17, 1), (18, 1), (20, 1), (21, 1), (22, 1), (23, 1), (24, 1), (25, 1), (26, 1), (30, 1), (31, 1), (35, 1), (36, 1), (37, 1), (38, 1), (39, 1), (40, 1), (42, 1), (43, 1), (44, 1), (46, 1), (47, 1), (48, 1), (52, 1), (53, 1), (58, 1), (62, 1), (64, 1), (65, 1), (66, 1), (67, 1), (68, 1), (69, 1), (70, 1), (71, 1), (74, 1), (75, 1), (79, 1), (82, 1), (85, 1), (87, 1), (88, 1), (91, 1), (93, 1), (94, 1), (96, 1), (99, 1), (101, 1), (106, 1), (107, 1), (108, 1), (109, 1), (110, 1), (111, 1), (113, 1), (115, 1), (117, 2), (118, 1), (119, 1), (120, 1), (121, 2), (124, 1), (125, 1), (126, 1), (127, 1), (128, 1), (132, 1), (138, 1), (139, 1), (140, 1), (141, 1), (142, 1), (150, 1), (152, 1), (153, 1), (156, 1), (157, 1), (160, 1), (164, 1), (168, 1), (169, 1), (172, 1), (178, 2), (183, 1), (185, 1), (188, 1), (189, 1), (193, 1), (197, 1), (198, 1)]
paste,[(1, 1), (4, 1), (5, 1), (8, 2), (17, 1), (18, 1), (19, 1), (23, 1), (25, 1), (30, 1), (31, 1), (43, 2), (46, 3), (49, 1), (52, 2), (58, 1), (68, 1), (74, 1), (75, 1), (85, 1), (88, 1), (94, 1), (105, 1), (106, 1), (108, 1), (110, 1), (111, 1), (112, 2), (115, 2), (120, 2), (124, 1), (128, 1), (141, 2), (143, 1), (145, 1), (149, 1), (150, 1), (154, 1), (169, 2), (170, 1), (172, 1), (173, 1), (178, 5), (183, 1), (185, 1), (193, 1), (196, 1), (198, 1), (199, 1)]
red,[(1, 1), (2, 1), (4, 1), (5, 1), (6, 2), (7, 1), (8, 1), (9, 1), (11, 2), (12, 1), (13, 2), (14, 1), (17, 1), (18, 2), (19, 2), (20, 1), (21, 2), (22, 2), (23, 1), (24, 2), (25, 1), (26, 2), (27, 1), (28, 2), (30, 1), (31, 1), (32, 2), (33, 2), (34, 2), (35, 2), (37, 1), (38, 1), (39, 1), (40, 1), (41, 2), (42, 1), (43, 3), (44, 1), (45, 1), (46, 2), (47, 1), (49, 2), (50, 1), (51, 1), (52, 1), (53, 2), (56, 1), (57, 2), (58, 1), (61, 2), (62, 1), (63, 3), (64, 1), (65, 1), (66, 1), (67, 1), (68, 1), (69, 1), (71, 1), (75, 1), (76, 1), (77, 1), (78, 1), (79, 1), (80, 1), (83, 1), (84, 1), (85, 3), (86, 1), (87, 1), (88, 1), (89, 1), (90, 3), (91, 2), (93, 1), (94, 1), (95, 2), (96, 1), (97, 1), (98, 1), (100, 1), (102, 1), (104, 1), (105, 1), (106, 1), (107, 1), (108, 2), (109, 2), (110, 1), (111, 1), (112, 1), (113, 1), (115, 1), (116, 1), (117, 2), (119, 2), (120, 1), (121, 2), (122, 1), (124, 1), (125, 1), (126, 1), (127, 2), (128, 1), (129, 1), (130, 1), (131, 1), (132, 1), (133, 1), (134, 2), (135, 1), (136, 1), (138, 1), (139, 1), (140, 1), (141, 2), (142, 1), (143, 1), (144, 1), (145, 1), (146, 1), (147, 3), (149, 1), (150, 1), (151, 1), (152, 1), (153, 1), (154, 1), (155, 2), (156, 1), (157, 2), (158, 1), (160, 2), (161, 1), (162, 1), (163, 2), (164, 1), (165, 1), (167, 1), (169, 1), (170, 1), (172, 1), (173, 1), (176, 1), (177, 1), (178, 3), (179, 1), (180, 1), (181, 2), (184, 2), (185, 1), (186, 1), (188, 1), (189, 1), (190, 1), (191, 2), (193, 1), (194, 1), (196, 2), (197, 1), (198, 1), (199, 1)]
chilli,[(1, 1), (2, 1), (4, 2), (5, 2), (6, 1), (7, 1), (8, 1), (12, 1), (13, 2), (14, 1), (17, 1), (18, 1), (21, 1), (22, 3), (24, 1), (26, 2), (28, 3), (30, 2), (31, 2), (32, 1), (33, 2), (34, 1), (35, 1), (36, 1), (37, 2), (38, 2), (40, 1), (41, 1), (42, 1), (43, 2), (44, 1), (45, 1), (46, 3), (47, 1), (49, 1), (50, 1), (51, 1), (53, 2), (57, 1), (58, 1), (63, 3), (64, 1), (65, 2), (66, 2), (68, 2), (69, 1), (74, 1), (75, 1), (76, 1), (77, 1), (79, 1), (80, 1), (83, 2), (84, 1), (85, 2), (86, 3), (88, 1), (90, 1), (91, 1), (94, 1), (95, 2), (98, 2), (100, 2), (101, 1), (104, 1), (105, 1), (106, 1), (107, 1), (108, 2), (109, 2), (110, 1), (111, 1), (113, 1), (114, 1), (115, 1), (116, 1), (117, 3), (118, 1), (119, 2), (120, 2), (121, 1), (122, 1), (124, 1), (125, 2), (126, 1), (127, 2), (129, 1), (131, 1), (132, 2), (134, 1), (135, 2), (138, 1), (140, 1), (141, 2), (142, 1), (144, 2), (146, 2), (149, 2), (150, 2), (151, 1), (152, 1), (153, 1), (154, 1), (155, 3), (156, 1), (158, 1), (159, 1), (160, 1), (162, 1), (163, 1), (164, 1), (165, 1), (166, 1), (167, 2), (169, 2), (170, 1), (172, 2), (178, 4), (181, 1), (184, 1), (188, 2), (189, 1), (191, 1), (193, 1), (195, 1), (196, 1), (197, 1), (198, 1)]
powder,[(1, 4), (2, 4), (3, 2), (4, 4), (5, 1), (6, 5), (7, 4), (8, 5), (10, 1), (11, 1), (13, 6), (14, 1), (16, 1), (18, 3), (19, 1), (20, 1), (21, 5), (22, 3), (23, 1), (24, 2), (25, 1), (26, 3), (28, 4), (29, 1), (30, 4), (31, 2), (32, 4), (33, 2), (35, 1), (36, 2), (37, 5), (38, 4), (39, 1), (40, 4), (41, 3), (42, 4), (43, 6), (44, 4), (45, 2), (46, 4), (47, 4), (48, 1), (49, 4), (51, 3), (52, 1), (53, 3), (56, 1), (57, 2), (58, 2), (61, 1), (62, 3), (63, 3), (65, 4), (66, 5), (67, 1), (68, 3), (69, 5), (70, 2), (71, 1), (72, 2), (73, 1), (74, 1), (75, 2), (76, 3), (77, 4), (78, 2), (79, 2), (80, 2), (83, 3), (84, 4), (85, 3), (86, 5), (87, 1), (88, 4), (90, 3), (91, 1), (92, 1), (93, 1), (94, 1), (95, 6), (96, 1), (98, 3), (99, 1), (100, 5), (101, 3), (102, 1), (103, 1), (104, 1), (105, 3), (106, 4), (107, 4), (108, 5), (109, 5), (110, 6), (111, 4), (113, 3), (115, 3), (116, 2), (117, 5), (118, 1), (119, 2), (120, 5), (121, 2), (122, 1), (123, 1), (124, 2), (125, 4), (126, 3), (127, 4), (128, 1), (129, 4), (131, 3), (132, 1), (133, 1), (134, 3), (138, 1), (140, 1), (141, 7), (142, 2), (143, 1), (144, 2), (146, 5), (148, 1), (149, 2), (150, 3), (151, 5), (152, 3), (153, 1), (154, 1), (155, 3), (156, 2), (158, 1), (159, 1), (160, 3), (161, 1), (162, 2), (163, 4), (164, 4), (165, 3), (166, 5), (167, 1), (168, 1), (169, 4), (170, 2), (171, 1), (172, 4), (173, 1), (174, 1), (175, 1), (176, 1), (177, 1), (178, 9), (179, 2), (180, 2), (181, 3), (183, 3), (184, 3), (185, 4), (186, 2), (187, 2), (188, 4), (189, 4), (190, 1), (191, 4), (193, 3), (194, 1), (195, 1), (197, 2), (198, 3)]
garam,[(1, 1), (2, 1), (6, 1), (8, 1), (13, 1), (24, 1), (30, 2), (32, 1), (36, 1), (37, 1), (38, 1), (42, 1), (43, 1), (44, 1), (46, 1), (47, 1), (51, 1), (62, 1), (65, 1), (66, 1), (68, 1), (69, 1), (70, 1), (77, 1), (84, 1), (85, 1), (86, 1), (88, 1), (95, 1), (99, 1), (105, 1), (109, 1), (111, 1), (126, 1), (129, 1), (134, 1), (141, 2), (146, 1), (150, 1), (151, 1), (164, 1), (165, 1), (166, 1), (169, 1), (170, 1), (178, 2), (185, 1), (191, 1), (198, 1)]
coriander,[(1, 2), (2, 1), (4, 1), (6, 2), (7, 1), (8, 1), (13, 2), (16, 1), (17, 1), (18, 1), (19, 1), (20, 1), (21, 1), (22, 2), (23, 1), (25, 1), (26, 1), (27, 1), (29, 1), (31, 2), (32, 1), (39, 1), (40, 1), (41, 1), (42, 1), (43, 2), (44, 2), (46, 1), (49, 1), (52, 1), (53, 2), (54, 1), (57, 1), (58, 1), (62, 2), (63, 2), (64, 1), (65, 2), (66, 2), (67, 2), (68, 1), (69, 1), (70, 2), (71, 2), (75, 1), (76, 1), (77, 1), (78, 2), (79, 1), (82, 1), (85, 1), (86, 2), (87, 1), (89, 1), (90, 1), (93, 1), (94, 1), (95, 1), (99, 1), (100, 2), (102, 1), (106, 1), (107, 2), (108, 1), (109, 1), (110, 2), (111, 1), (112, 1), (113, 2), (115, 2), (117, 1), (119, 1), (120, 1), (121, 1), (123, 1), (125, 1), (126, 1), (127, 2), (128, 1), (131, 2), (133, 1), (134, 1), (135, 1), (140, 1), (141, 2), (142, 1), (144, 1), (146, 1), (150, 2), (151, 1), (152, 1), (155, 1), (156, 1), (159, 1), (160, 2), (163, 1), (164, 2), (166, 2), (169, 2), (170, 1), (171, 1), (172, 2), (176, 1), (177, 1), (178, 2), (181, 1), (184, 2), (185, 2), (186, 1), (189, 2), (191, 1), (192, 1), (193, 2), (194, 1), (196, 1), (197, 1)]
dhania,[(1, 2), (2, 1), (4, 1), (6, 2), (7, 1), (8, 1), (13, 2), (16, 1), (17, 1), (18, 1), (19, 1), (20, 1), (21, 1), (22, 1), (23, 1), (25, 1), (26, 1), (27, 1), (29, 1), (31, 2), (32, 1), (39, 1), (40, 1), (41, 1), (42, 1), (43, 2), (44, 2), (46, 1), (49, 1), (52, 2), (53, 2), (54, 1), (56, 1), (57, 1), (58, 1), (62, 2), (63, 2), (64, 1), (65, 2), (66, 2), (67, 2), (68, 1), (69, 1), (70, 2), (71, 2), (75, 1), (76, 1), (77, 1), (78, 2), (79, 1), (82, 1), (85, 1), (86, 2), (87, 1), (89, 1), (90, 1), (93, 1), (94, 1), (95, 1), (99, 1), (100, 2), (102, 1), (106, 1), (107, 2), (108, 1), (109, 1), (110, 2), (111, 1), (112, 1), (113, 2), (115, 2), (117, 1), (119, 1), (120, 1), (121, 1), (123, 1), (125, 1), (126, 1), (127, 2), (128, 1), (131, 2), (133, 1), (134, 1), (135, 1), (140, 1), (141, 2), (142, 1), (144, 1), (146, 1), (150, 2), (151, 1), (152, 1), (155, 1), (156, 1), (159, 1), (160, 2), (163, 1), (164, 2), (166, 2), (169, 2), (170, 1), (171, 1), (172, 2), (176, 1), (177, 1), (178, 2), (181, 1), (184, 2), (185, 2), (186, 1), (189, 2), (191, 1), (192, 1), (193, 2), (194, 1), (196, 1), (197, 1)]
leaves,[(1, 1), (3, 1), (4, 1), (6, 2), (7, 1), (9, 1), (11, 1), (12, 1), (13, 2), (14, 1), (16, 1), (18, 1), (19, 1), (21, 1), (22, 4), (23, 1), (24, 1), (26, 2), (28, 1), (29, 1), (30, 1), (31, 3), (32, 1), (33, 1), (34, 1), (36, 1), (38, 1), (39, 1), (40, 1), (41, 1), (42, 2), (43, 1), (44, 2), (45, 1), (46, 2), (49, 1), (50, 1), (52, 2), (53, 2), (54, 3), (55, 1), (56, 1), (57, 1), (58, 1), (59, 1), (60, 2), (61, 1), (62, 1), (63, 2), (65, 4), (66, 1), (67, 1), (68, 1), (69, 1), (70, 2), (71, 1), (72, 1), (73, 1), (74, 2), (77, 1), (79, 1), (82, 1), (83, 2), (85, 1), (86, 1), (87, 1), (88, 1), (90, 5), (91, 1), (92, 1), (93, 1), (94, 2), (95, 1), (96, 2), (97, 1), (98, 1), (99, 1), (100, 1), (103, 1), (104, 1), (105, 1), (107, 1), (109, 2), (110, 2), (111, 2), (112, 1), (113, 1), (114, 2), (115, 2), (117, 2), (118, 1), (119, 1), (120, 2), (121, 2), (122, 1), (123, 1), (126, 2), (127, 1), (128, 1), (130, 2), (131, 1), (132, 2), (133, 1), (134, 1), (135, 1), (138, 1), (139, 1), (141, 1), (142, 1), (143, 2), (144, 2), (145, 1), (146, 2), (147, 2), (148, 3), (149, 1), (150, 1), (152, 2), (153, 2), (155, 1), (156, 1), (157, 1), (159, 2), (160, 1), (161, 1), (162, 1), (163, 1), (164, 2), (165, 1), (166, 1), (167, 1), (168, 1), (169, 2), (170, 1), (171, 2), (172, 1), (175, 1), (176, 1), (177, 1), (178, 1), (179, 1), (180, 1), (183, 2), (184, 1), (185, 1), (186, 2), (187, 1), (188, 1), (189, 1), (190, 1), (191, 1), (192, 1), (193, 1), (194, 2), (195, 1), (196, 1), (197, 1), (198, 1), (199, 1)]
oil,[(1, 1), (2, 1), (3, 1), (4, 1), (5, 1), (6, 1), (7, 1), (8, 1), (10, 1), (11, 1), (12, 1), (13, 1), (14, 1), (16, 1), (17, 1), (18, 1), (19, 2), (20, 1), (21, 1), (22, 1), (24, 2), (25, 1), (26, 1), (27, 1), (29, 3), (30, 2), (31, 1), (32, 1), (33, 1), (34, 1), (36, 1), (38, 1), (39, 1), (40, 1), (42, 1), (43, 1), (44, 1), (45, 1), (46, 1), (48, 1), (49, 1), (50, 1), (51, 1), (52, 2), (53, 1), (55, 1), (57, 1), (58, 1), (61, 1), (63, 2), (64, 1), (65, 1), (66, 1), (67, 1), (69, 2), (70, 1), (71, 1), (72, 1), (73, 1), (74, 2), (76, 1), (77, 1), (79, 1), (80, 1), (81, 2), (82, 2), (83, 1), (84, 1), (85, 1), (86, 1), (87, 1), (88, 1), (89, 1), (90, 1), (91, 1), (92, 1), (93, 1), (94, 1), (96, 2), (97, 1), (99, 2), (100, 2), (101, 1), (102, 1), (103, 1), (105, 1), (106, 1), (107, 1), (108, 1), (109, 1), (110, 1), (111, 1), (113, 1), (114, 1), (115, 1), (116, 1), (117, 2), (119, 1), (120, 2), (121, 1), (122, 1), (123, 2), (124, 1), (125, 1), (127, 1), (128, 1), (130, 1), (131, 2), (132, 1), (133, 1), (134, 1), (135, 1), (136, 1), (138, 1), (139, 1), (141, 1), (142, 1), (143, 1), (144, 1), (145, 1), (147, 2), (148, 1), (149, 1), (151, 1), (153, 2), (154, 1), (157, 1), (159, 1), (160, 1), (161, 1), (162, 1), (164, 3), (166, 1), (167, 1), (168, 1), (171, 1), (172, 1), (173, 1), (176, 1), (178, 2), (179, 2), (180, 2), (181, 1), (182, 1), (183, 1), (184, 1), (187, 1), (188, 1), (190, 1), (191, 1), (192, 1), (193, 2), (194, 1), (196, 2), (197, 1), (199, 1)]
colocasia,[(2, 1), (44, 1), (76, 1), (100, 1)]
root,[(2, 1), (38, 1), (76, 1), (100, 1)]
arbi,[(2, 1), (44, 1), (76, 1), (100, 1)]
bell,[(2, 1), (6, 2), (24, 2), (49, 2), (62, 2), (65, 1), (77, 1), (85, 1), (114, 1), (163, 1), (191, 1), (195, 1)]
pepper,[(2, 1), (6, 2), (22, 1), (24, 2), (37, 1), (38, 1), (48, 1), (49, 2), (62, 2), (65, 1), (67, 1), (74, 1), (77, 1), (85, 1), (98, 1), (110, 1), (114, 1), (132, 1), (163, 1), (168, 1), (173, 1), (175, 1), (187, 1), (191, 1), (195, 1)]
capsicum,[(2, 1), (6, 2), (24, 2), (49, 2), (62, 2), (65, 1), (77, 1), (85, 1), (114, 1), (163, 1), (188, 1), (191, 1), (195, 1)]
tomato,[(2, 1), (5, 1), (6, 1), (8, 1), (18, 1), (22, 1), (26, 1), (31, 1), (41, 1), (43, 1), (47, 1), (62, 2), (64, 1), (66, 1), (68, 1), (69, 1), (74, 1), (75, 1), (77, 1), (93, 1), (95, 1), (105, 1), (114, 1), (119, 1), (121, 1), (127, 1), (130, 1), (141, 1), (150, 2), (153, 1), (155, 1), (178, 1), (183, 1), (184, 1), (186, 1)]
turmeric,[(2, 1), (3, 1), (5, 1), (6, 1), (8, 1), (10, 1), (11, 1), (13, 1), (18, 2), (19, 1), (20, 1), (21, 1), (22, 1), (23, 1), (25, 1), (26, 1), (28, 2), (30, 1), (31, 1), (32, 1), (33, 1), (35, 1), (36, 1), (37, 1), (38, 1), (39, 1), (40, 1), (41, 1), (43, 1), (44, 1), (45, 1), (46, 1), (47, 1), (49, 1), (52, 1), (53, 1), (56, 1), (57, 1), (58, 1), (61, 1), (62, 1), (63, 1), (65, 1), (66, 1), (67, 1), (69, 1), (71, 1), (72, 1), (73, 1), (75, 1), (76, 1), (77, 1), (78, 1), (80, 1), (83, 1), (84, 1), (86, 1), (88, 1), (90, 2), (92, 1), (93, 1), (95, 2), (96, 1), (98, 1), (100, 1), (101, 1), (102, 1), (103, 1), (105, 1), (106, 1), (107, 1), (108, 1), (109, 2), (110, 1), (113, 1), (115, 1), (116, 1), (117, 2), (118, 1), (119, 1), (120, 1), (121, 1), (122, 1), (123, 1), (125, 1), (126, 1), (127, 1), (128, 1), (131, 1), (132, 1), (133, 1), (134, 1), (138, 1), (140, 1), (141, 1), (142, 1), (143, 1), (144, 1), (146, 1), (148, 1), (151, 1), (152, 1), (154, 1), (155, 1), (158, 1), (159, 1), (160, 1), (161, 1), (162, 1), (163, 1), (164, 1), (165, 1), (166, 1), (167, 1), (169, 1), (171, 1), (172, 1), (173, 1), (174, 1), (176, 1), (177, 1), (178, 2), (179, 2), (180, 2), (181, 1), (184, 1), (185, 1), (186, 1), (188, 1), (189, 1), (190, 1), (191, 1), (193, 1), (194, 1), (197, 1)]
haldi,[(2, 1), (3, 1), (5, 1), (6, 1), (8, 1), (10, 1), (11, 1), (13, 1), (18, 2), (19, 1), (20, 1), (21, 1), (22, 1), (23, 1), (25, 1), (26, 1), (28, 2), (30, 1), (31, 1), (32, 1), (33, 1), (35, 1), (36, 1), (37, 1), (38, 1), (39, 1), (40, 1), (41, 1), (43, 1), (44, 1), (45, 1), (46, 1), (47, 1), (49, 1), (52, 1), (53, 1), (56, 1), (57, 1), (58, 1), (61, 1), (62, 1), (63, 1), (65, 1), (66, 1), (67, 1), (69, 1), (71, 1), (72, 1), (73, 1), (75, 1), (76, 1), (77, 1), (78, 1), (80, 1), (83, 1), (84, 1), (86, 1), (88, 1), (90, 2), (92, 1), (93, 1), (95, 2), (96, 1), (98, 1), (100, 1), (101, 1), (102, 1), (103, 1), (105, 1), (106, 1), (107, 1), (108, 1), (109, 2), (110, 1), (113, 1), (115, 1), (116, 1), (117, 2), (118, 1), (119, 1), (120, 1), (121, 1), (122, 1), (123, 1), (125, 1), (126, 1), (127, 1), (128, 1), (131, 1), (132, 1), (133, 1), (134, 1), (138, 1), (140, 1), (141, 1), (142, 1), (143, 1), (144, 1), (146, 1), (148, 1), (151, 1), (152, 1), (154, 1), (155, 1), (158, 1), (159, 1), (160, 1), (161, 1), (162, 1), (163, 1), (164, 1), (165, 1), (166, 1), (167, 1), (169, 1), (171, 1), (172, 1), (173, 1), (174, 1), (176, 1), (177, 1), (178, 2), (179, 2), (180, 2), (181, 1), (184, 1), (185, 1), (186, 1), (188, 1), (189, 1), (190, 1), (191, 1), (193, 1), (194, 1), (197, 1)]
according,[(2, 1), (45, 1), (52, 1), (93, 1), (184, 1), (194, 1)]
carrots,[(3, 1), (6, 1), (62, 1), (65, 1), (77, 1), (150, 1)]
gajjar,[(3, 1), (6, 1), (12, 1), (24, 1), (55, 1), (62, 1), (65, 1), (77, 1), (114, 1), (143, 1), (144, 1), (148, 1), (150, 1), (156, 1), (179, 1), (180, 1), (188, 1)]
cabbage,[(3, 1), (10, 1)]
patta,[(3, 1), (5, 1), (6, 1), (7, 1), (10, 1), (22, 1), (26, 1), (28, 1), (30, 1), (31, 1), (46, 1), (54, 1), (65, 1), (70, 1), (88, 1), (92, 1), (94, 1), (95, 1), (99, 1), (109, 1), (111, 1), (126, 1), (127, 1), (150, 1), (152, 1), (156, 1), (160, 1), (169, 1), (178, 1), (179, 1), (180, 1), (183, 2), (184, 1), (185, 1), (193, 1)]
gobi,[(3, 1), (10, 1), (65, 1), (77, 1), (150, 1), (162, 1), (191, 1)]
muttaikose,[(3, 1), (10, 1)]
onion,[(3, 1), (5, 1), (6, 1), (8, 1), (14, 1), (18, 1), (20, 1), (22, 1), (23, 2), (24, 1), (25, 1), (30, 1), (32, 1), (36, 1), (37, 1), (38, 1), (39, 1), (44, 1), (47, 1), (48, 1), (52, 1), (53, 1), (62, 1), (64, 1), (65, 1), (66, 1), (68, 1), (69, 1), (70, 2), (71, 1), (74, 1), (75, 1), (77, 1), (78, 2), (79, 1), (88, 1), (91, 1), (97, 1), (99, 1), (102, 1), (109, 1), (111, 1), (115, 1), (116, 1), (117, 2), (119, 1), (122, 1), (124, 1), (126, 1), (127, 2), (134, 1), (137, 1), (140, 1), (141, 1), (142, 1), (150, 2), (154, 1), (163, 1), (171, 1), (178, 1), (183, 1), (193, 1), (194, 1), (195, 1), (197, 1), (198, 1)]
slit,[(3, 1), (8, 1), (10, 1), (12, 2), (22, 1), (28, 1), (31, 1), (42, 1), (48, 1), (55, 1), (59, 1), (68, 1), (71, 1), (72, 1), (74, 1), (97, 1), (99, 1), (113, 1), (115, 1), (116, 1), (124, 1), (130, 1), (136, 1), (140, 1), (144, 1), (149, 1), (150, 1), (152, 1), (155, 1), (166, 1), (171, 1), (193, 1)]
mustard,[(3, 1), (5, 1), (7, 1), (10, 1), (11, 1), (12, 1), (14, 1), (19, 1), (21, 1), (26, 1), (33, 1), (34, 1), (35, 1), (45, 1), (49, 1), (50, 1), (52, 1), (53, 1), (56, 1), (57, 1), (58, 1), (59, 1), (61, 1), (63, 2), (72, 1), (73, 1), (74, 1), (78, 1), (79, 1), (80, 1), (82, 1), (84, 1), (86, 1), (87, 1), (88, 1), (90, 1), (93, 1), (96, 1), (97, 1), (98, 1), (102, 2), (103, 1), (112, 2), (117, 1), (121, 1), (122, 1), (123, 2), (125, 2), (128, 1), (132, 1), (133, 1), (135, 1), (136, 2), (138, 1), (139, 1), (143, 1), (144, 1), (145, 1), (147, 2), (148, 1), (149, 1), (154, 1), (157, 1), (159, 1), (161, 1), (162, 1), (167, 1), (171, 1), (172, 1), (173, 1), (176, 1), (177, 2), (178, 1), (179, 3), (180, 3), (186, 1), (190, 1), (192, 1), (193, 1), (196, 1), (199, 1)]
rai,[(3, 1), (10, 1), (11, 1), (12, 1), (14, 1), (19, 1), (21, 1), (26, 1), (33, 1), (34, 1), (35, 1), (45, 1), (49, 1), (50, 1), (52, 1), (53, 1), (56, 1), (57, 1), (58, 1), (59, 1), (61, 1), (63, 2), (72, 1), (73, 1), (74, 1), (78, 1), (79, 1), (80, 1), (87, 1), (90, 1), (93, 1), (96, 1), (97, 1), (98, 1), (102, 2), (103, 1), (112, 2), (117, 1), (121, 1), (122, 1), (125, 1), (128, 1), (132, 1), (133, 1), (135, 1), (136, 1), (139, 1), (143, 1), (144, 1), (145, 1), (147, 2), (148, 1), (149, 1), (157, 1), (159, 1), (162, 1), (167, 1), (171, 1), (172, 1), (173, 1), (176, 1), (177, 2), (179, 1), (180, 1), (186, 1), (190, 1), (192, 1), (196, 1), (199, 1)]
kadugu,[(3, 1), (10, 1), (11, 1), (12, 1), (14, 1), (19, 1), (21, 1), (26, 1), (33, 1), (34, 1), (35, 1), (45, 1), (49, 1), (50, 1), (52, 1), (53, 1), (56, 1), (57, 1), (58, 1), (59, 1), (61, 1), (63, 2), (72, 1), (73, 1), (74, 1), (78, 1), (79, 1), (80, 1), (87, 1), (90, 1), (93, 1), (96, 1), (97, 1), (98, 1), (102, 2), (103, 1), (112, 2), (117, 1), (121, 1), (122, 1), (125, 1), (128, 1), (132, 1), (133, 1), (135, 1), (136, 1), (139, 1), (143, 1), (144, 1), (145, 1), (147, 2), (148, 1), (149, 1), (157, 1), (159, 1), (162, 1), (167, 1), (171, 1), (172, 1), (173, 1), (176, 1), (177, 2), (179, 1), (180, 1), (186, 1), (190, 1), (192, 1), (196, 1), (199, 1)]
fresh,[(3, 1), (6, 1), (9, 1), (11, 1), (14, 1), (17, 1), (18, 1), (19, 1), (20, 1), (23, 1), (31, 1), (33, 1), (34, 1), (35, 1), (38, 1), (39, 1), (45, 1), (46, 1), (52, 2), (56, 1), (59, 1), (61, 1), (64, 1), (65, 1), (70, 1), (71, 1), (73, 1), (75, 1), (78, 1), (80, 1), (85, 1), (87, 1), (89, 1), (90, 1), (91, 1), (93, 1), (97, 1), (99, 1), (104, 1), (106, 1), (112, 1), (116, 1), (118, 1), (122, 1), (127, 1), (128, 1), (132, 1), (133, 1), (135, 1), (137, 1), (139, 1), (140, 1), (141, 1), (145, 1), (147, 1), (148, 1), (153, 1), (158, 1), (167, 1), (168, 1), (169, 1), (170, 1), (173, 1), (176, 1), (177, 1), (180, 1), (190, 1), (194, 1), (196, 1), (198, 1), (199, 1)]
curry,[(3, 1), (4, 1), (10, 1), (11, 1), (12, 1), (13, 1), (14, 1), (19, 1), (21, 1), (22, 4), (23, 2), (26, 1), (28, 1), (31, 2), (32, 1), (33, 1), (34, 1), (38, 1), (39, 1), (45, 1), (46, 1), (52, 1), (53, 1), (55, 1), (59, 1), (61, 1), (63, 1), (71, 1), (72, 1), (73, 1), (74, 1), (79, 1), (87, 1), (90, 1), (93, 1), (96, 2), (97, 1), (98, 1), (99, 1), (103, 1), (104, 1), (105, 1), (109, 1), (110, 1), (114, 1), (117, 1), (118, 1), (121, 1), (122, 1), (128, 1), (130, 1), (132, 2), (133, 1), (138, 1), (139, 1), (144, 1), (145, 1), (147, 1), (148, 1), (149, 1), (153, 2), (157, 1), (159, 1), (161, 1), (162, 1), (167, 1), (171, 1), (173, 1), (176, 1), (177, 1), (186, 1), (190, 1), (194, 1), (196, 1), (199, 1)]
as,[(3, 1), (4, 1), (6, 1), (11, 1), (13, 1), (16, 4), (21, 2), (22, 1), (30, 2), (33, 1), (36, 1), (40, 1), (49, 1), (51, 1), (52, 1), (57, 5), (58, 1), (59, 2), (63, 1), (66, 1), (78, 1), (83, 1), (84, 1), (85, 1), (86, 2), (91, 2), (97, 1), (104, 1), (109, 1), (110, 2), (111, 2), (114, 1), (116, 1), (127, 1), (128, 1), (129, 1), (130, 1), (133, 1), (138, 1), (144, 1), (145, 1), (151, 3), (160, 1), (164, 1), (170, 1), (172, 3), (178, 1), (180, 1), (182, 1), (185, 1), (192, 1)]
required,[(3, 1), (4, 1), (13, 1), (16, 4), (21, 2), (22, 1), (30, 2), (33, 1), (36, 1), (40, 1), (49, 1), (51, 1), (52, 1), (57, 5), (59, 1), (66, 1), (78, 1), (83, 1), (85, 1), (86, 1), (91, 2), (109, 2), (110, 2), (111, 2), (127, 1), (130, 1), (142, 1), (144, 1), (145, 1), (151, 1), (160, 1), (164, 1), (170, 1), (172, 3), (178, 1), (180, 1), (182, 1), (185, 1)]
boneless,[(4, 1), (94, 1)]
chicken,[(4, 2), (7, 1), (38, 1), (47, 1), (64, 2), (66, 1), (69, 2), (94, 1), (109, 1), (110, 2), (142, 1), (146, 1), (183, 1)]
cut,[(4, 1), (6, 1), (7, 1), (14, 1), (17, 1), (21, 1), (23, 1), (25, 1), (26, 2), (32, 1), (37, 1), (40, 1), (52, 1), (53, 1), (55, 1), (58, 1), (66, 1), (68, 1), (72, 1), (74, 1), (75, 1), (77, 1), (87, 2), (97, 1), (98, 1), (108, 1), (109, 1), (117, 1), (126, 1), (132, 1), (134, 1), (140, 1), (146, 1), (150, 1), (152, 1), (156, 1), (160, 1), (161, 1), (162, 1), (179, 1), (180, 1), (181, 1), (184, 1), (185, 1), (186, 1), (191, 2), (196, 4), (198, 1)]
into,[(4, 1), (5, 1), (6, 1), (7, 1), (12, 4), (14, 1), (17, 1), (21, 1), (23, 1), (25, 1), (26, 2), (30, 1), (32, 1), (37, 1), (38, 1), (40, 1), (41, 1), (52, 1), (53, 1), (58, 1), (59, 1), (66, 1), (74, 1), (75, 1), (87, 2), (97, 1), (98, 1), (108, 1), (115, 1), (117, 1), (126, 1), (132, 1), (133, 1), (134, 1), (140, 1), (146, 1), (152, 1), (160, 1), (161, 1), (162, 1), (169, 1), (179, 1), (180, 1), (181, 1), (184, 1), (185, 1), (186, 1), (188, 1), (191, 2), (196, 4), (197, 1), (198, 2)]
chunks,[(4, 1), (127, 1)]
sprig,[(4, 1), (6, 1), (7, 1), (11, 1), (13, 1), (14, 1), (19, 1), (21, 1), (22, 2), (26, 2), (28, 1), (31, 2), (33, 1), (34, 1), (38, 1), (39, 1), (43, 1), (44, 1), (46, 1), (52, 1), (53, 2), (55, 1), (59, 1), (63, 2), (67, 1), (71, 1), (73, 1), (74, 2), (79, 1), (86, 1), (87, 1), (88, 1), (90, 1), (93, 1), (95, 1), (96, 2), (98, 1), (99, 1), (100, 1), (103, 1), (104, 1), (109, 1), (110, 1), (112, 1), (114, 1), (115, 1), (117, 2), (118, 1), (121, 1), (122, 1), (123, 1), (127, 1), (130, 1), (132, 2), (133, 1), (139, 1), (144, 1), (147, 2), (148, 1), (153, 2), (157, 1), (159, 2), (161, 1), (162, 1), (163, 1), (166, 1), (167, 1), (169, 1), (171, 1), (177, 1), (186, 2), (194, 1), (195, 1), (196, 1)]
the,[(4, 2), (18, 1), (22, 3), (23, 1), (29, 2), (30, 1), (31, 2), (35, 1), (37, 1), (43, 3), (47, 1), (52, 1), (59, 1), (61, 1), (64, 2), (69, 1), (70, 2), (71, 1), (82, 1), (87, 1), (93, 3), (94, 1), (95, 2), (96, 1), (101, 1), (107, 1), (117, 1), (132, 1), (145, 1), (153, 1), (156, 1), (164, 1), (169, 1), (173, 2), (177, 1), (180, 1), (181, 1), (182, 1), (188, 2), (195, 3), (196, 1)]
gingergarlic,[(4, 1)]
cloves,[(4, 1), (5, 1), (6, 1), (7, 1), (9, 1), (14, 1), (17, 1), (20, 2), (21, 1), (22, 2), (23, 2), (24, 1), (25, 2), (26, 1), (30, 1), (31, 2), (35, 1), (36, 1), (37, 1), (38, 1), (39, 1), (40, 1), (42, 1), (44, 1), (47, 1), (48, 1), (53, 1), (55, 1), (62, 1), (64, 1), (66, 1), (67, 2), (69, 1), (70, 2), (71, 1), (75, 1), (79, 1), (82, 1), (87, 1), (92, 1), (93, 1), (96, 1), (99, 2), (101, 1), (104, 1), (106, 1), (107, 1), (108, 2), (109, 3), (113, 1), (117, 2), (118, 1), (119, 1), (121, 1), (125, 1), (126, 1), (127, 1), (128, 1), (132, 1), (137, 1), (139, 1), (140, 2), (142, 1), (150, 1), (152, 2), (153, 2), (156, 2), (157, 1), (160, 1), (169, 1), (183, 2), (185, 1), (188, 2), (189, 1), (193, 1), (197, 1), (198, 1)]
sholay,[(4, 1)]
kebab,[(4, 1)]
batter,[(4, 1), (163, 1)]
rice,[(4, 1), (28, 1), (30, 1), (46, 1), (50, 1), (54, 1), (76, 1), (79, 1), (92, 1), (94, 1), (114, 1), (117, 1), (123, 1), (130, 1), (137, 1), (152, 1), (156, 1), (159, 1), (171, 1), (174, 1), (183, 1), (189, 1), (195, 1)]
flour,[(4, 3), (10, 1), (15, 1), (16, 1), (18, 1), (24, 2), (28, 2), (29, 2), (30, 1), (37, 1), (57, 1), (60, 1), (69, 1), (76, 2), (77, 1), (81, 1), (82, 2), (83, 2), (86, 1), (100, 1), (101, 1), (102, 1), (114, 1), (117, 2), (120, 2), (123, 1), (129, 1), (131, 1), (134, 1), (159, 1), (163, 1), (164, 1), (170, 1), (172, 1), (175, 2), (178, 1), (181, 1), (182, 1), (188, 1), (189, 3)]
all,[(4, 1), (16, 1)]
purpose,[(4, 1), (16, 1)]
maida,[(4, 1), (16, 1)]
gram,[(4, 1), (10, 1), (18, 2), (22, 1), (26, 1), (28, 2), (29, 1), (30, 1), (61, 1), (76, 1), (82, 1), (86, 1), (90, 1), (93, 1), (94, 1), (100, 1), (102, 1), (112, 1), (117, 1), (119, 1), (133, 2), (134, 1), (145, 1), (153, 1), (157, 1), (163, 1), (170, 1), (172, 1), (179, 1), (180, 1), (181, 1), (184, 1), (188, 1), (189, 1), (196, 1), (198, 1)]
besan,[(4, 1), (10, 1), (18, 1), (28, 2), (29, 1), (30, 1), (76, 1), (86, 1), (100, 1), (102, 1), (117, 1), (134, 1), (163, 1), (170, 1), (172, 1), (181, 1), (188, 1), (189, 1)]
kashmiri,[(4, 1), (7, 1), (18, 1), (23, 1), (44, 1), (65, 1), (85, 1), (97, 1), (108, 1), (111, 1), (127, 1), (141, 1), (165, 1), (169, 1), (178, 1), (185, 1)]
sambar,[(4, 1), (14, 1), (26, 2), (33, 1), (63, 1), (87, 2), (90, 2), (107, 1), (117, 1), (130, 1), (132, 1), (153, 1), (156, 1), (167, 1), (186, 2)]
deep,[(4, 1), (120, 1), (131, 1), (142, 1)]
frying,[(4, 1), (82, 1), (120, 1), (131, 1), (142, 1), (164, 1), (182, 1)]
eggs,[(5, 1), (70, 1), (108, 1), (193, 1)]
potatoes,[(5, 1), (6, 1), (13, 1), (34, 1), (41, 1), (42, 1), (55, 1), (74, 1), (83, 1), (84, 1), (87, 1), (95, 1), (123, 1), (140, 1), (144, 1), (145, 1), (148, 1), (151, 1), (154, 1), (188, 1), (193, 1)]
aloo,[(5, 1), (12, 1), (34, 1), (41, 1), (55, 1), (83, 1), (87, 1), (95, 1), (123, 1), (131, 1), (140, 1), (144, 1), (148, 1), (151, 1), (154, 1), (156, 1), (179, 1), (180, 1), (188, 1), (193, 1), (196, 1)]
peeled,[(5, 1), (6, 1), (7, 1), (31, 1), (38, 1), (55, 1), (56, 1), (59, 1), (89, 1), (96, 1), (115, 1), (136, 1), (140, 1), (144, 2), (148, 3), (154, 1), (158, 2), (161, 1), (173, 1), (178, 1), (179, 2), (180, 3), (188, 2), (189, 1), (193, 2), (198, 1)]
poppy,[(5, 1), (17, 1), (31, 1), (67, 1), (96, 1), (109, 1), (153, 1), (154, 1), (170, 1)]
made,[(5, 1), (74, 1), (188, 1)]
homemade,[(5, 1), (8, 1), (18, 1), (22, 1), (23, 1), (24, 1), (30, 1), (43, 1), (62, 2), (64, 1), (65, 1), (66, 1), (77, 1), (101, 1), (105, 1), (152, 1), (165, 1), (178, 1), (198, 1)]
puree,[(5, 1), (6, 1), (8, 1), (18, 1), (22, 1), (43, 1), (62, 1), (64, 1), (66, 1), (77, 1), (105, 1), (178, 1), (188, 1)]
panch,[(5, 1), (44, 1), (95, 1), (116, 1), (123, 1), (161, 1), (179, 1), (180, 1)]
phoran,[(5, 1), (44, 1), (95, 1), (116, 1), (123, 1), (161, 1), (179, 1), (180, 1)]
dry,[(5, 1), (7, 1), (9, 1), (11, 2), (12, 1), (13, 2), (14, 1), (17, 1), (19, 2), (20, 1), (21, 1), (22, 1), (25, 1), (26, 1), (27, 1), (31, 1), (32, 1), (33, 1), (34, 2), (35, 2), (37, 1), (39, 1), (41, 2), (43, 1), (46, 1), (50, 1), (53, 1), (56, 1), (57, 1), (61, 2), (63, 2), (64, 1), (67, 1), (69, 1), (71, 1), (78, 1), (86, 1), (87, 1), (89, 1), (90, 2), (93, 1), (96, 1), (97, 1), (100, 1), (102, 1), (109, 1), (112, 1), (119, 1), (120, 1), (121, 1), (122, 1), (125, 1), (128, 1), (129, 1), (130, 1), (132, 1), (133, 1), (134, 1), (135, 1), (136, 1), (138, 1), (139, 1), (140, 1), (143, 1), (145, 1), (146, 1), (147, 2), (154, 1), (155, 1), (157, 2), (158, 1), (160, 1), (161, 1), (166, 1), (167, 1), (168, 1), (172, 1), (173, 1), (176, 1), (177, 1), (178, 1), (179, 1), (180, 1), (181, 1), (183, 1), (184, 1), (185, 1), (186, 1), (188, 1), (190, 1), (193, 1), (194, 1), (196, 2), (199, 1)]
bay,[(5, 1), (6, 1), (7, 1), (22, 1), (26, 1), (28, 1), (30, 1), (31, 1), (46, 1), (54, 1), (65, 1), (70, 1), (88, 1), (92, 1), (94, 1), (95, 1), (99, 1), (109, 1), (111, 1), (126, 1), (127, 1), (150, 1), (152, 1), (156, 1), (160, 1), (169, 1), (178, 1), (179, 1), (180, 1), (183, 2), (184, 1), (185, 1), (193, 1)]
leaf,[(5, 1), (7, 1), (22, 1), (26, 1), (28, 1), (30, 1), (31, 1), (70, 1), (94, 1), (95, 1), (99, 1), (109, 1), (127, 1), (150, 1), (156, 1), (160, 1), (169, 1), (178, 1), (184, 1), (185, 1), (193, 1)]
tej,[(5, 1), (6, 1), (7, 1), (22, 1), (26, 1), (28, 1), (30, 1), (31, 1), (46, 1), (54, 1), (65, 1), (70, 1), (88, 1), (92, 1), (94, 1), (95, 1), (99, 1), (109, 1), (111, 1), (126, 1), (127, 1), (150, 1), (152, 1), (156, 1), (160, 1), (169, 1), (178, 1), (179, 1), (180, 1), (183, 2), (184, 1), (185, 1), (193, 1)]
sugar,[(5, 1), (8, 1), (16, 1), (26, 1), (55, 1), (88, 1), (92, 1), (95, 1), (97, 1), (136, 1), (151, 1), (154, 1), (164, 1), (169, 1), (179, 1), (180, 1), (184, 1), (190, 1)]
baby,[(6, 1), (13, 1), (42, 1)]
peas,[(6, 1), (12, 1), (20, 1), (65, 1), (74, 1), (105, 2), (116, 1), (144, 1), (150, 1), (153, 1), (156, 1), (158, 1), (166, 1), (169, 1), (188, 1)]
matar,[(6, 1), (12, 1), (65, 1), (105, 2), (116, 1), (144, 1), (150, 1), (153, 1), (156, 1), (158, 1), (166, 1), (169, 1), (188, 1)]
beans,[(6, 2), (8, 1), (12, 2), (36, 1), (48, 2), (55, 2), (65, 2), (68, 1), (74, 1), (97, 2), (124, 1), (140, 1), (145, 1), (148, 1), (150, 2), (156, 2), (162, 2), (170, 1), (171, 1), (177, 1)]
french,[(6, 1), (12, 1), (48, 1), (55, 1), (65, 1), (97, 1), (145, 1), (150, 1), (156, 1), (162, 1)]
pieces,[(6, 1), (7, 1), (21, 1), (26, 1), (30, 1), (37, 1), (40, 1), (52, 1), (58, 1), (59, 1), (66, 1), (75, 1), (87, 1), (97, 1), (98, 1), (123, 1), (126, 1), (134, 1), (140, 1), (150, 1), (160, 1), (184, 1), (185, 2), (186, 1), (197, 1)]
yellow,[(6, 1), (11, 1), (49, 1), (56, 1), (57, 1), (63, 1), (68, 1), (89, 1), (119, 1), (133, 1), (158, 1), (167, 1), (174, 1), (179, 1), (180, 1), (186, 1)]
sultana,[(6, 1), (92, 1), (170, 1)]
raisins,[(6, 1), (92, 1), (170, 1)]
cashew,[(6, 1), (18, 1), (35, 1), (65, 1), (92, 1), (137, 1), (150, 1), (156, 2), (169, 2), (170, 1), (188, 1), (190, 1), (198, 1)]
nuts,[(6, 1), (18, 1), (35, 1), (65, 1), (92, 1), (137, 1), (150, 1), (156, 2), (169, 1), (170, 1), (188, 1), (190, 1), (198, 1)]
cream,[(6, 1), (65, 1), (70, 1), (141, 1), (169, 1), (170, 1), (198, 1)]
per,[(6, 1), (58, 1), (133, 1), (151, 2)]
taste,[(6, 1), (45, 1), (58, 1), (93, 1), (110, 1), (133, 1), (151, 2)]
lotus,[(7, 1)]
stem,[(7, 1), (26, 1), (37, 1)]
nadru,[(7, 1)]
or,[(7, 1), (22, 1), (23, 1), (29, 2), (46, 1), (81, 1), (82, 1), (84, 1), (97, 1), (120, 1), (123, 2), (138, 1), (149, 1), (164, 2), (168, 4), (171, 1), (179, 2), (193, 1)]
kamal,[(7, 1)]
kakdi,[(7, 1)]
sliced,[(7, 1), (17, 1), (23, 1), (31, 1), (33, 1), (38, 2), (39, 1), (43, 1), (44, 1), (56, 1), (65, 1), (67, 1), (74, 3), (78, 2), (88, 1), (94, 1), (96, 1), (97, 1), (99, 2), (108, 1), (112, 1), (115, 1), (121, 1), (123, 1), (125, 2), (126, 1), (140, 1), (141, 1), (150, 1), (152, 1), (160, 2), (163, 1), (172, 1), (193, 1), (194, 1)]
medium,[(7, 1), (10, 1), (21, 1), (87, 1), (140, 1), (152, 1), (160, 1), (186, 1)]
water,[(7, 1), (10, 1), (11, 1), (16, 1), (18, 1), (19, 2), (20, 1), (21, 2), (24, 1), (28, 1), (50, 1), (57, 2), (58, 1), (59, 1), (63, 1), (65, 1), (78, 1), (82, 1), (83, 1), (87, 1), (90, 1), (93, 1), (102, 2), (104, 1), (105, 1), (109, 1), (110, 1), (118, 1), (121, 1), (123, 1), (128, 1), (129, 1), (130, 1), (138, 1), (140, 1), (141, 1), (148, 1), (153, 1), (158, 1), (159, 1), (164, 1), (169, 1), (170, 1), (172, 1), (173, 1), (177, 1), (182, 1), (183, 1), (185, 1), (186, 1), (188, 1), (190, 1), (192, 1)]
fennel,[(7, 2), (8, 1), (17, 1), (20, 1), (21, 2), (22, 1), (24, 1), (31, 2), (51, 1), (53, 1), (54, 1), (64, 1), (87, 1), (89, 1), (99, 2), (110, 1), (120, 1), (131, 1), (153, 1), (156, 1), (194, 1)]
saunf,[(7, 1), (8, 1), (17, 1), (20, 1), (21, 1), (22, 1), (24, 1), (31, 2), (53, 1), (54, 1), (64, 1), (87, 1), (89, 1), (99, 2), (120, 1), (131, 1), (153, 1), (156, 1), (194, 1)]
cardamom,[(7, 1), (22, 1), (23, 1), (25, 1), (30, 1), (31, 1), (46, 2), (77, 1), (88, 1), (92, 1), (94, 2), (99, 1), (109, 2), (111, 1), (137, 1), (140, 1), (152, 1), (153, 1), (156, 1), (160, 2), (174, 2), (183, 2), (185, 2), (188, 1), (193, 1)]
badi,[(7, 1), (46, 1), (64, 1), (86, 1), (88, 1), (94, 1), (113, 1), (160, 1), (185, 1)]
elaichi,[(7, 1), (22, 1), (23, 1), (25, 1), (30, 1), (31, 1), (46, 2), (77, 1), (88, 1), (92, 1), (94, 2), (99, 1), (109, 2), (111, 1), (137, 1), (140, 1), (152, 1), (153, 1), (156, 1), (160, 2), (174, 2), (183, 2), (185, 2), (188, 1), (193, 1)]
laung,[(7, 1), (17, 1), (20, 1), (22, 1), (23, 1), (25, 1), (30, 1), (31, 1), (55, 1), (67, 1), (70, 1), (75, 1), (92, 1), (99, 1), (104, 1), (108, 1), (109, 2), (126, 1), (137, 1), (140, 1), (150, 1), (152, 1), (153, 1), (156, 1), (160, 1), (183, 2), (185, 1), (188, 1), (193, 1)]
asafoetida,[(7, 1), (10, 1), (14, 1), (34, 1), (35, 1), (36, 1), (40, 1), (41, 1), (45, 1), (49, 1), (53, 1), (56, 1), (57, 1), (59, 1), (63, 2), (72, 1), (80, 1), (90, 1), (93, 1), (98, 1), (100, 1), (102, 1), (103, 1), (118, 1), (125, 1), (128, 1), (131, 1), (135, 1), (139, 1), (144, 1), (145, 1), (149, 1), (151, 1), (155, 1), (157, 1), (159, 1), (170, 1), (171, 1), (172, 1), (173, 1), (176, 1), (192, 1)]
hing,[(7, 1), (10, 1), (14, 1), (34, 1), (35, 1), (36, 1), (40, 1), (41, 1), (45, 1), (49, 1), (53, 1), (56, 1), (57, 1), (59, 1), (63, 2), (72, 1), (80, 1), (90, 1), (93, 1), (98, 1), (100, 1), (102, 1), (103, 1), (118, 1), (125, 1), (128, 1), (131, 1), (135, 1), (139, 1), (144, 1), (145, 1), (149, 1), (151, 1), (155, 1), (157, 1), (159, 1), (170, 1), (171, 1), (172, 1), (173, 1), (176, 1), (192, 1)]
whisked,[(7, 1), (126, 1)]
mint,[(7, 1), (22, 1), (24, 1), (42, 1), (54, 1), (65, 1), (69, 1), (70, 1), (74, 1), (94, 1), (111, 1), (146, 1), (152, 1), (156, 1), (164, 1), (195, 1)]
pudina,[(7, 1), (22, 1), (24, 1), (42, 1), (54, 1), (65, 1), (69, 1), (70, 1), (74, 1), (94, 1), (111, 1), (146, 1), (152, 1), (156, 1), (164, 1), (195, 1)]
ajwain,[(7, 1), (17, 1), (18, 2), (57, 1), (60, 1), (64, 1), (78, 1), (83, 1), (86, 1), (94, 1), (100, 1), (131, 1), (160, 1), (164, 1)]
carom,[(7, 1), (17, 1), (18, 2), (57, 1), (60, 1), (64, 1), (78, 1), (83, 1), (86, 1), (94, 1), (100, 1), (131, 1), (160, 1), (164, 1)]
garnish,[(7, 1), (18, 1), (40, 1), (44, 1), (53, 1), (58, 1), (68, 1), (108, 1), (110, 1), (113, 1), (119, 1), (121, 1), (144, 1), (150, 1), (170, 1), (180, 1), (185, 1)]
eyed,[(8, 1), (140, 1)]
lobia,[(8, 1), (140, 1)]
cinnamon,[(8, 1), (17, 1), (18, 1), (20, 1), (22, 1), (23, 1), (28, 2), (30, 1), (31, 1), (43, 1), (46, 1), (54, 1), (63, 1), (67, 1), (68, 1), (70, 1), (75, 1), (88, 1), (92, 1), (94, 1), (96, 1), (99, 1), (108, 1), (109, 2), (126, 1), (127, 1), (137, 1), (140, 1), (142, 1), (145, 1), (150, 1), (152, 1), (153, 1), (156, 1), (160, 1), (174, 2), (181, 1), (183, 1), (185, 1), (188, 1), (193, 1)]
stick,[(8, 1), (17, 1), (18, 1), (20, 1), (22, 1), (23, 1), (28, 2), (30, 1), (31, 1), (43, 1), (46, 1), (54, 1), (63, 1), (67, 1), (68, 1), (70, 1), (75, 1), (88, 1), (92, 1), (94, 1), (96, 1), (99, 1), (108, 1), (109, 2), (126, 1), (127, 1), (137, 1), (140, 1), (142, 1), (145, 1), (150, 1), (152, 1), (153, 1), (156, 1), (160, 1), (174, 2), (181, 1), (183, 1), (185, 1), (188, 1), (193, 1)]
dalchini,[(8, 1), (17, 1), (18, 1), (20, 1), (22, 1), (23, 1), (28, 2), (30, 1), (31, 1), (43, 1), (46, 1), (54, 1), (63, 1), (67, 1), (68, 1), (70, 1), (75, 1), (88, 1), (92, 1), (94, 1), (96, 1), (99, 1), (108, 1), (109, 2), (126, 1), (127, 1), (137, 1), (140, 1), (142, 1), (145, 1), (150, 1), (152, 1), (153, 1), (156, 1), (160, 1), (174, 2), (181, 1), (183, 1), (185, 1), (188, 1), (193, 1)]
in,[(8, 1), (26, 1), (53, 1), (58, 1), (90, 1), (123, 1), (150, 1), (169, 1), (172, 1), (185, 1), (188, 1), (190, 1)]
between,[(8, 1)]
tamarind,[(8, 1), (9, 1), (17, 1), (19, 2), (20, 1), (21, 1), (23, 1), (33, 1), (44, 1), (49, 1), (52, 1), (58, 1), (63, 1), (67, 1), (71, 1), (72, 1), (78, 1), (87, 1), (90, 1), (93, 1), (102, 1), (104, 1), (106, 1), (108, 1), (112, 1), (118, 1), (121, 1), (128, 1), (133, 1), (140, 1), (143, 1), (147, 1), (149, 1), (153, 1), (157, 1), (158, 1), (173, 1), (176, 1), (177, 1), (186, 1), (196, 1), (199, 1)]
milk,[(8, 1), (12, 1), (23, 2), (26, 1), (32, 1), (50, 1), (55, 1), (74, 2), (77, 1), (130, 1), (136, 1), (152, 1), (164, 1), (170, 1)]
spinach,[(9, 1), (36, 1), (90, 1), (91, 1), (115, 1), (147, 1)]
palak,[(9, 1), (36, 1), (90, 1), (91, 1), (115, 1)]
to,[(9, 1), (15, 1), (19, 2), (20, 1), (22, 2), (23, 1), (25, 2), (29, 2), (34, 2), (39, 1), (45, 1), (48, 1), (55, 1), (61, 1), (68, 1), (72, 1), (73, 1), (74, 1), (75, 1), (76, 1), (84, 1), (93, 1), (99, 1), (101, 1), (102, 1), (107, 1), (109, 5), (113, 1), (115, 1), (117, 1), (118, 1), (122, 1), (133, 1), (140, 1), (146, 1), (149, 1), (150, 5), (154, 2), (156, 1), (157, 2), (158, 1), (167, 1), (169, 1), (170, 2), (180, 1), (182, 1), (190, 1), (194, 1), (195, 1), (198, 1)]
grind,[(9, 1), (20, 1), (34, 1), (39, 1), (61, 1), (75, 1), (99, 1), (109, 1), (133, 1), (140, 1), (146, 1), (150, 1), (156, 1), (158, 1), (167, 1)]
sized,[(10, 1), (23, 1), (33, 1), (44, 1), (72, 1), (87, 1), (124, 1), (133, 1), (147, 1), (152, 1), (176, 1), (184, 1), (186, 1)]
shredded,[(10, 1)]
a,[(10, 1), (14, 1), (29, 1), (34, 1), (36, 1), (41, 1), (45, 1), (53, 1), (59, 2), (66, 1), (72, 1), (97, 1), (105, 2), (113, 1), (128, 1), (134, 1), (144, 1), (145, 1), (150, 1), (169, 1), (170, 1), (190, 1), (192, 1)]
p,[(10, 1), (14, 1), (34, 1), (36, 1), (41, 1), (45, 1), (53, 1), (56, 1), (59, 1), (63, 2), (72, 1), (80, 1), (97, 1), (98, 1), (102, 2), (125, 1), (128, 1), (139, 1), (145, 1), (149, 1), (157, 1), (171, 2), (192, 1)]
tadka,[(10, 1), (28, 1), (90, 1), (137, 1), (143, 1)]
ingredients,[(10, 1), (20, 1), (31, 2), (70, 1), (75, 1), (82, 2), (99, 1), (106, 1), (109, 1), (121, 1), (134, 1), (140, 1), (153, 1), (157, 1), (167, 1), (169, 1), (181, 2), (184, 1), (196, 1), (198, 1)]
buttermilk,[(10, 1)]
moong,[(11, 1), (56, 1), (57, 1), (63, 1), (68, 2), (80, 1), (119, 1), (133, 1), (137, 1), (158, 1), (167, 2), (174, 1), (176, 1), (179, 1), (180, 1), (186, 1)]
dal,[(11, 3), (22, 2), (26, 3), (27, 2), (31, 1), (34, 1), (35, 3), (45, 1), (50, 1), (52, 2), (56, 1), (57, 2), (63, 3), (68, 8), (72, 2), (90, 5), (91, 2), (93, 1), (94, 2), (98, 2), (103, 1), (112, 2), (118, 3), (119, 5), (121, 2), (133, 7), (135, 1), (137, 1), (143, 1), (145, 5), (147, 1), (153, 1), (155, 1), (157, 3), (158, 1), (162, 1), (167, 2), (171, 1), (173, 1), (174, 1), (179, 3), (180, 3), (182, 1), (184, 2), (186, 1), (190, 1), (195, 1), (196, 3), (199, 1)]
split,[(11, 2), (26, 1), (27, 1), (31, 1), (34, 1), (35, 1), (45, 1), (50, 1), (52, 2), (56, 1), (57, 1), (63, 3), (68, 4), (72, 1), (90, 2), (91, 1), (98, 1), (103, 1), (118, 2), (119, 2), (121, 1), (133, 3), (135, 1), (143, 1), (145, 2), (147, 1), (155, 1), (157, 1), (158, 1), (162, 1), (167, 1), (171, 1), (173, 1), (174, 1), (179, 1), (180, 1), (186, 1), (190, 1), (196, 2), (199, 1)]
can,[(11, 1), (23, 1), (147, 1)]
use,[(11, 1), (23, 1), (147, 1)]
toor,[(11, 1), (27, 1), (35, 1), (68, 1), (72, 1), (90, 1), (91, 1), (98, 1), (118, 1), (119, 1), (121, 1), (145, 1), (196, 1)]
well,[(11, 1), (73, 1)]
mixed,[(11, 1), (74, 1), (77, 1), (99, 1), (145, 1)]
vegetables,[(11, 1), (74, 1), (145, 1), (180, 1)]
have,[(11, 1)]
radish,[(11, 1), (29, 1), (56, 1), (101, 1)]
turnips,[(11, 1), (115, 1)]
brinjal,[(11, 1), (32, 1), (51, 1), (58, 1), (87, 1), (117, 1), (179, 1), (180, 1), (196, 1)]
tempering,[(11, 1), (12, 1), (23, 1), (26, 1), (52, 1), (56, 1), (63, 1), (73, 1), (123, 1), (128, 1), (130, 1), (145, 1), (147, 1), (177, 1)]
white,[(11, 1), (26, 1), (31, 1), (32, 1), (34, 1), (45, 1), (50, 1), (63, 2), (68, 2), (90, 1), (103, 1), (118, 1), (128, 1), (133, 2), (135, 1), (143, 1), (145, 1), (147, 1), (157, 1), (162, 1), (171, 1), (173, 1), (190, 1), (195, 1), (196, 1), (199, 1)]
urad,[(11, 1), (26, 1), (31, 1), (34, 1), (45, 1), (50, 1), (52, 2), (63, 2), (68, 2), (90, 1), (103, 1), (118, 1), (133, 2), (135, 1), (143, 1), (145, 1), (147, 1), (157, 1), (162, 1), (171, 1), (173, 1), (182, 1), (190, 1), (195, 1), (196, 1), (199, 1)]
chopped,[(12, 1)]
carrot,[(12, 1), (24, 1), (55, 1), (74, 1), (114, 1), (143, 1), (144, 1), (145, 1), (148, 1), (156, 1), (179, 1), (180, 1), (188, 1)]
small,[(12, 4), (23, 1), (26, 2), (31, 2), (37, 1), (38, 1), (59, 1), (66, 2), (70, 1), (77, 1), (98, 1), (114, 2), (117, 1), (134, 1), (156, 1), (172, 1), (180, 1), (184, 1), (191, 1), (192, 1), (197, 1)]
cubes,[(12, 4), (23, 1), (38, 1), (53, 1), (74, 1), (115, 1), (122, 1), (133, 1), (146, 1), (152, 1), (161, 1), (165, 1), (196, 4), (198, 1)]
potato,[(12, 1), (123, 1), (131, 1), (148, 1), (156, 1), (179, 1), (180, 1), (196, 1)]
mangalorean,[(12, 1), (184, 1)]
cucumber,[(12, 1), (114, 1), (184, 1), (189, 1)]
pointed,[(12, 1)]
gourd,[(12, 1), (53, 1), (59, 1), (84, 1), (98, 1), (106, 1), (125, 1), (136, 1), (154, 1), (186, 1), (188, 1), (196, 1)]
parval,[(12, 1)]
amchur,[(13, 1), (37, 1), (41, 1), (69, 1), (86, 1), (100, 1), (120, 1), (125, 1), (129, 1), (146, 1), (166, 1), (172, 1), (188, 1)]
mango,[(13, 1), (37, 1), (41, 1), (69, 1), (82, 1), (86, 1), (89, 1), (100, 1), (120, 1), (125, 1), (129, 1), (146, 1), (166, 1), (172, 1), (173, 1), (188, 1)]
lemon,[(13, 1), (18, 1), (23, 1), (42, 1), (43, 1), (44, 1), (56, 1), (65, 1), (74, 1), (86, 1), (100, 1), (103, 1), (119, 1), (123, 1), (124, 1), (133, 1), (141, 1), (155, 1), (164, 1), (166, 1), (168, 1), (171, 1)]
juice,[(13, 1), (18, 1), (42, 1), (43, 1), (65, 1), (74, 1), (86, 1), (100, 1), (103, 1), (123, 1), (141, 1), (155, 1), (164, 1), (168, 1), (171, 1)]
beetroot,[(14, 1), (79, 1), (129, 1)]
long,[(14, 1)]
strips,[(14, 1), (191, 1)]
wheat,[(15, 1), (24, 2), (29, 1), (37, 1), (57, 1), (60, 1), (69, 1), (81, 1), (82, 1), (83, 1), (94, 1), (101, 1), (120, 1), (129, 1), (131, 1), (142, 1), (164, 1), (175, 1), (182, 1), (189, 1)]
layer,[(15, 1)]
parathas,[(15, 1), (82, 1), (101, 1)]
baking,[(16, 2), (164, 1)]
soda,[(16, 1), (164, 1)]
sesame,[(16, 2), (19, 1), (27, 1), (40, 1), (42, 1), (49, 1), (50, 1), (52, 1), (99, 1), (103, 1), (108, 1), (120, 1), (129, 1), (131, 1), (148, 1), (162, 1), (194, 1)]
til,[(16, 1), (19, 1), (42, 1), (108, 1), (120, 1), (129, 1), (131, 1), (148, 1)]
butter,[(16, 1), (26, 1), (62, 1), (65, 1), (164, 1), (165, 1), (168, 1), (169, 1), (183, 1), (198, 1)]
salted,[(16, 1), (62, 1), (65, 1), (165, 1), (168, 1), (169, 1), (183, 1), (198, 1)]
button,[(17, 1), (25, 1), (31, 1), (39, 1), (65, 1), (67, 1), (132, 1), (163, 1)]
mushrooms,[(17, 1), (25, 1), (31, 1), (39, 1), (65, 1), (67, 1), (132, 1), (163, 1)]
quarters,[(17, 1), (25, 1), (132, 1)]
pods,[(17, 1)]
cutlets,[(18, 1)]
gravy,[(18, 1), (43, 1), (95, 1), (106, 1), (178, 1), (188, 1)]
beaten,[(18, 1)]
vellai,[(19, 1), (133, 1)]
poosanikai,[(19, 1), (133, 1)]
ash,[(19, 1), (133, 1)]
gourdwhite,[(19, 1), (133, 1)]
pumpkin,[(19, 1), (61, 1), (66, 1), (78, 1), (81, 1), (89, 1), (113, 1), (133, 1), (145, 1), (158, 1), (161, 1), (180, 1)]
be,[(19, 1), (25, 1), (154, 1), (169, 1), (198, 1)]
roasted,[(19, 1), (21, 1), (40, 1), (41, 1), (53, 1), (75, 1), (82, 1), (90, 1), (106, 1), (107, 1), (108, 2), (110, 2), (112, 1), (151, 1), (153, 1), (157, 1), (187, 1), (188, 1)]
ground,[(19, 1), (25, 1), (87, 1), (138, 1), (154, 1), (169, 1), (170, 1), (198, 1)]
methi,[(19, 1), (23, 1), (26, 1), (27, 1), (30, 1), (41, 2), (45, 1), (52, 1), (53, 1), (60, 1), (65, 1), (67, 1), (68, 1), (83, 1), (87, 1), (89, 1), (90, 2), (102, 1), (120, 1), (125, 1), (128, 1), (143, 1), (148, 1), (149, 1), (165, 1), (169, 1), (173, 1), (177, 1), (178, 1), (188, 1), (191, 1), (195, 1), (198, 1)]
fenugreek,[(19, 1), (23, 1), (26, 1), (27, 1), (30, 1), (41, 2), (45, 1), (52, 1), (53, 1), (60, 1), (65, 1), (67, 1), (68, 1), (83, 1), (87, 1), (89, 1), (90, 2), (102, 1), (120, 1), (125, 1), (128, 1), (143, 1), (148, 1), (149, 1), (165, 1), (169, 1), (173, 1), (177, 1), (178, 1), (188, 1), (191, 1), (195, 1), (198, 1)]
jaggery,[(19, 1), (20, 1), (35, 1), (40, 1), (45, 1), (49, 1), (52, 1), (53, 1), (58, 1), (63, 1), (71, 1), (72, 1), (80, 1), (86, 1), (87, 1), (90, 1), (104, 1), (106, 1), (112, 1), (118, 1), (143, 1), (145, 1), (148, 1), (149, 1), (173, 1), (176, 1), (177, 1), (188, 1), (196, 1), (199, 1)]
seasoning,[(19, 1), (61, 1), (87, 1), (90, 1), (100, 1), (121, 1), (134, 1), (173, 1), (174, 1), (178, 1), (181, 1), (184, 1)]
torn,[(19, 1), (26, 2), (28, 2), (32, 1), (117, 1), (132, 1), (156, 1), (159, 1), (186, 1)]
dried,[(20, 1), (23, 1), (30, 1), (41, 1), (65, 1), (68, 1), (165, 1), (169, 1), (177, 1), (178, 1), (188, 1), (191, 1), (192, 1), (198, 1)]
vatana,[(20, 1)]
soaked,[(20, 1), (26, 1), (32, 1), (54, 1), (58, 1), (90, 1), (98, 1), (119, 3), (123, 1), (125, 1), (128, 1), (169, 1), (185, 1), (186, 1), (188, 1), (190, 1)]
overnight,[(20, 1), (32, 1), (125, 1), (128, 1)]
roast,[(20, 1), (99, 1), (133, 1), (140, 1), (156, 1), (157, 1)]
sichuan,[(20, 1)]
nutmeg,[(20, 1), (31, 1), (160, 1), (183, 1)]
star,[(20, 1), (31, 1), (43, 1), (54, 1), (156, 1)]
anise,[(20, 1), (31, 1), (43, 1), (54, 1), (156, 1)]
shark,[(21, 1)]
skin,[(21, 1), (38, 1), (158, 2)]
shallots,[(21, 1), (31, 1), (46, 1), (50, 1), (93, 1), (110, 1)]
make,[(22, 2)]
base,[(22, 1)]
chana,[(22, 1), (26, 1), (32, 1), (68, 1), (90, 1), (94, 1), (112, 1), (119, 1), (125, 1), (128, 1), (133, 2), (145, 1), (179, 1), (180, 1), (184, 1)]
bengal,[(22, 1), (26, 1), (90, 1), (94, 1), (112, 1), (119, 1), (133, 2), (145, 1), (179, 1), (180, 1), (184, 1)]
podsseeds,[(22, 1), (23, 1), (25, 1), (30, 1), (31, 1), (46, 1), (77, 1), (92, 1), (94, 1), (99, 1), (109, 2), (111, 1), (137, 1), (140, 1), (152, 1), (153, 1), (156, 1), (160, 1), (174, 2), (183, 2), (185, 1), (188, 1), (193, 1)]
corns,[(22, 1), (67, 1), (132, 1), (173, 1)]
kori,[(23, 1)]
gassi,[(23, 1)]
byadagi,[(23, 1), (177, 1)]
you,[(23, 1), (147, 1)]
paneer,[(23, 1), (24, 1), (30, 1), (62, 1), (65, 1), (101, 1), (152, 1), (165, 1), (198, 1)]
cottage,[(23, 1), (24, 1), (30, 1), (62, 1), (65, 1), (101, 1), (152, 1), (165, 1), (198, 1)]
cheese,[(23, 1), (24, 1), (30, 1), (62, 1), (65, 1), (85, 1), (101, 1), (152, 1), (165, 1), (198, 1)]
thick,[(23, 1), (30, 1), (56, 1), (74, 1)]
thin,[(23, 1), (62, 1), (74, 1), (96, 1)]
dough,[(24, 1), (29, 1), (37, 1), (69, 1), (82, 1), (164, 1), (182, 1)]
filling,[(24, 1)]
crushed,[(24, 1), (40, 1), (41, 2), (83, 1), (86, 1), (121, 1), (130, 2), (160, 1), (188, 1), (191, 1)]
slurry,[(24, 1)]
banana,[(26, 1), (37, 2), (95, 1), (103, 1), (122, 1), (158, 1), (166, 1), (196, 1)]
raw,[(26, 1), (33, 1), (37, 1), (42, 1), (86, 1), (88, 1), (89, 1), (95, 1), (103, 1), (104, 1), (106, 1), (108, 1), (122, 1), (145, 1), (158, 1), (165, 1), (166, 1), (173, 1), (196, 1)]
peanuts,[(26, 1), (42, 1), (75, 1), (86, 1), (104, 1), (106, 1), (107, 1), (108, 1), (145, 1), (165, 1)]
moongphali,[(26, 1), (42, 1), (75, 1), (86, 1), (104, 1), (106, 1), (107, 1), (108, 1), (145, 1), (165, 1)]
pearl,[(26, 1), (33, 1), (83, 1), (87, 1), (90, 1), (107, 1), (120, 1), (130, 1), (132, 1), (153, 1), (156, 1), (167, 1), (186, 1)]
smashed,[(26, 1)]
arhar,[(27, 1), (35, 1), (68, 1), (72, 1), (90, 1), (91, 1), (98, 1), (118, 1), (119, 1), (121, 1), (145, 1), (196, 1)]
gingelly,[(27, 1), (50, 1), (52, 1), (87, 1), (90, 1), (93, 1), (99, 1), (103, 1), (162, 1), (194, 1)]
muthia,[(28, 1)]
dhokla,[(28, 1)]
cooked,[(28, 1), (32, 1), (72, 1), (79, 1), (196, 1)]
kadhi,[(28, 1), (181, 1)]
broken,[(28, 2), (41, 1), (61, 2), (94, 1), (97, 1), (156, 1), (179, 1), (180, 1), (186, 1), (190, 1)]
stuffing,[(29, 1), (64, 1), (69, 1), (82, 1), (106, 1), (107, 1), (164, 1)]
mooli,[(29, 1), (56, 1), (101, 1)]
mullangi,[(29, 1), (56, 1), (101, 1)]
extra,[(29, 2), (110, 1), (183, 1)]
virgin,[(29, 2), (183, 1)]
olive,[(29, 2), (183, 1)]
smear,[(29, 2)]
while,[(29, 2)]
basmati,[(30, 1), (46, 1), (183, 1)]
tikka,[(30, 1)]
kasuri,[(30, 1), (41, 1), (65, 1), (68, 1), (165, 1), (169, 1), (178, 1), (188, 1), (191, 1), (198, 1)]
bunch,[(31, 1), (66, 1), (77, 1), (114, 1), (115, 1), (134, 1), (138, 1), (184, 1), (192, 1)]
aromatic,[(31, 1)]
spice,[(31, 1), (46, 1), (52, 1), (67, 1), (96, 1), (109, 1), (183, 1), (196, 1)]
mix,[(31, 1), (34, 1), (46, 1), (67, 1)]
mace,[(31, 1), (160, 1)]
javitri,[(31, 1), (160, 1)]
flower,[(31, 1), (156, 1)]
wet,[(31, 1)]
kabuli,[(32, 1), (68, 1), (128, 1)]
chickpeas,[(32, 1), (68, 1), (125, 1), (128, 1)]
baingan,[(32, 1), (51, 1), (58, 1), (87, 1), (117, 1), (179, 1), (180, 1), (196, 1)]
eggplant,[(32, 1), (51, 1), (58, 1), (87, 1), (117, 1), (179, 1), (180, 1), (196, 1)]
wedges,[(32, 1), (56, 1), (87, 1), (117, 1), (179, 1), (180, 1)]
ml,[(32, 1), (55, 1), (136, 1), (152, 1)]
tomatoes,[(32, 1), (39, 1), (44, 1), (53, 1), (58, 1), (65, 1), (84, 1), (87, 1), (98, 1), (99, 1), (108, 1), (110, 1), (111, 1), (113, 1), (115, 1), (117, 1), (124, 1), (139, 1), (141, 1), (151, 1), (152, 1), (156, 1), (165, 1), (169, 1), (177, 1), (188, 1), (193, 1), (194, 1), (197, 1), (198, 1)]
quartered,[(32, 1), (87, 1), (186, 1), (193, 1)]
papaya,[(33, 1)]
adjustable,[(33, 1), (127, 2), (143, 1), (193, 1)]
thinly,[(33, 1), (39, 1), (44, 1), (65, 1), (74, 2), (99, 2), (123, 1), (152, 1), (194, 1)]
gooseberry,[(33, 1), (72, 1)]
kg,[(34, 1), (112, 1)]
coarse,[(34, 1)]
masoor,[(35, 1), (68, 2), (155, 1), (157, 1)]
rajma,[(36, 1), (68, 1), (170, 1)]
large,[(36, 1), (64, 1), (68, 1), (86, 1), (170, 1)]
kidney,[(36, 1), (68, 1), (170, 1)]
mashed,[(37, 1), (81, 1), (82, 1), (83, 1), (123, 1), (131, 1), (188, 2)]
tapioca,[(38, 1)]
pounded,[(39, 1), (53, 1), (55, 1)]
gilka,[(40, 1)]
spongesilk,[(40, 1)]
squash,[(40, 1)]
about,[(40, 1), (72, 1), (126, 1)]
groundnut,[(40, 1), (49, 1)]
maharashtrian,[(40, 1), (49, 1)]
goda,[(40, 1), (49, 1)]
slightly,[(41, 1), (59, 1)]
chaat,[(42, 1), (83, 1), (84, 1)]
marinate,[(43, 1), (109, 1)]
pomfret,[(43, 2)]
lagan,[(43, 1)]
ki,[(43, 1)]
machli,[(43, 1)]
bimbla,[(45, 1)]
bilimbi,[(45, 1)]
cup,[(45, 1), (126, 1)]
grams,[(45, 1)]
adjust,[(45, 1), (52, 1), (72, 1), (73, 1), (106, 2), (109, 1), (114, 1), (138, 2), (184, 1), (190, 1), (194, 1)]
your,[(45, 1), (58, 1), (93, 1), (109, 1), (133, 1)]
tablespoon,[(45, 1), (85, 1), (126, 2), (168, 1)]
shrimps,[(46, 1), (124, 1), (168, 1)]
prawns,[(46, 1)]
hung,[(46, 1), (88, 1)]
greek,[(46, 1), (88, 1)]
spices,[(46, 1), (126, 2), (160, 1), (193, 1)]
wings,[(47, 1)]
bhuna,[(47, 1)]
par,[(48, 1)]
vertically,[(48, 1), (126, 1)]
tofu,[(48, 1), (105, 1)]
garnishing,[(49, 1), (126, 1), (194, 1)]
amaranth,[(50, 1), (90, 1), (114, 1), (147, 1)]
mandi,[(50, 1), (183, 1)]
leftover,[(50, 1)]
from,[(50, 1)]
washing,[(50, 1)]
but,[(50, 1)]
recommended,[(50, 1)]
apple,[(51, 1)]
drumstick,[(52, 1), (75, 1), (130, 1), (155, 1), (175, 1)]
them,[(52, 1)]
powdered,[(52, 1), (53, 3), (58, 1), (126, 1), (196, 1)]
garnishcoriander,[(52, 1)]
ridge,[(53, 1), (59, 1), (125, 1), (136, 1), (154, 1)]
turai,[(53, 1), (59, 1), (125, 1), (136, 1), (154, 1)]
peerkangai,[(53, 1), (59, 1), (125, 1), (136, 1), (154, 1)]
ripe,[(53, 1), (193, 1)]
pester,[(53, 1)]
mortar,[(53, 1)]
length,[(55, 1)]
wise,[(55, 1)]
lengthwise,[(55, 1), (156, 1)]
mm,[(56, 1)]
freshly,[(56, 1), (137, 1), (151, 1)]
garnishingcoriander,[(56, 1)]
few,[(56, 1), (57, 1), (72, 1), (105, 1), (113, 1), (119, 1), (121, 1), (126, 1), (141, 1), (170, 1), (185, 1), (190, 1)]
sprigs,[(56, 1), (57, 1), (119, 1), (185, 1)]
muthiyas,[(57, 1)]
hot,[(57, 1), (58, 1), (109, 1), (120, 1), (168, 1), (169, 1), (188, 1)]
big,[(58, 1), (168, 1)]
check,[(59, 1)]
notes,[(59, 1)]
at,[(59, 1)]
end,[(59, 1)]
preferably,[(59, 1)]
day,[(59, 1)]
old,[(59, 1)]
sour,[(59, 1)]
needed,[(59, 1), (63, 1), (84, 1), (104, 1), (114, 1), (116, 1), (128, 1), (129, 1), (138, 1), (192, 1)]
kaddu,[(61, 1), (66, 1), (78, 1), (81, 1), (89, 1), (113, 1), (158, 1), (161, 1), (180, 1)]
parangikai,[(61, 1), (66, 1), (78, 1), (81, 1), (89, 1), (113, 1), (158, 1), (161, 1), (180, 1)]
honey,[(62, 1), (168, 1)]
stalk,[(62, 1)]
softened,[(62, 1), (183, 1)]
bhindi,[(63, 1), (72, 1), (112, 1), (134, 1), (172, 1), (181, 2)]
lady,[(63, 1), (72, 1), (112, 1), (134, 1), (172, 1), (181, 1)]
fingerokra,[(63, 1), (72, 1), (112, 1), (134, 1), (172, 1), (181, 1)]
hari,[(64, 1), (86, 1)]
mirch,[(64, 1), (86, 1)]
breasts,[(64, 1), (66, 1), (69, 1), (146, 1)]
sweet,[(65, 1), (84, 1), (148, 1)]
corn,[(65, 1), (77, 1), (178, 1)]
cauliflower,[(65, 1), (77, 1), (150, 1), (162, 1), (191, 1)]
xacuti,[(67, 1)]
pink,[(68, 1), (155, 1)]
soak,[(68, 2)]
minutes,[(68, 2), (98, 1), (119, 3), (185, 1), (190, 1)]
julienned,[(68, 1)]
keema,[(69, 1), (164, 1), (178, 1)]
paratha,[(69, 1)]
hariyali,[(70, 1)]
tightly,[(70, 1), (135, 1)]
packed,[(70, 1), (135, 1)]
kokum,[(71, 1), (104, 1)]
malabar,[(71, 1), (104, 1)]
sorak,[(71, 1)]
an,[(72, 1)]
till,[(72, 1)]
soft,[(72, 1)]
rasam,[(72, 1), (149, 1), (177, 1)]
elephant,[(73, 1), (96, 1)]
yam,[(73, 1), (96, 1)]
suransenairatalu,[(73, 1), (96, 1)]
scraped,[(73, 1)]
bite,[(73, 1), (124, 1), (184, 1)]
size,[(73, 1), (109, 1), (126, 1)]
grinding,[(73, 1), (109, 1)]
cook,[(76, 1), (84, 1), (101, 1), (107, 1), (115, 1), (195, 1)]
steamed,[(77, 2), (188, 1)]
florets,[(77, 1), (162, 1), (165, 1), (191, 1), (197, 1)]
greens,[(79, 1), (102, 1), (116, 1)]
chipped,[(79, 1)]
sprouts,[(80, 1), (99, 1), (176, 1)]
kneading,[(81, 1)]
lukewarm,[(82, 1), (83, 1), (138, 1), (164, 1)]
sattu,[(82, 1)]
ka,[(82, 1)]
atta,[(82, 1)]
kala,[(82, 1), (125, 1), (144, 1), (187, 1)]
pickle,[(82, 1)]
bajra,[(83, 1), (120, 1), (195, 2)]
millet,[(83, 1), (120, 1), (175, 1)]
smearing,[(83, 1), (175, 1), (189, 1)]
karela,[(84, 1), (106, 1)]
bitter,[(84, 1), (106, 1)]
pavakkai,[(84, 1), (106, 1)]
more,[(84, 1), (107, 1)]
soya,[(85, 1)]
chaap,[(85, 1)]
also,[(86, 1), (147, 1)]
known,[(86, 1)]
bajji,[(86, 1)]
kuzhambu,[(87, 1), (93, 2)]
jackfruit,[(88, 1)]
kathal,[(88, 1)]
one,[(89, 1), (150, 1), (168, 1)]
warm,[(90, 1), (164, 1), (190, 1)]
halved,[(90, 1), (138, 1)]
govind,[(92, 1)]
bhog,[(92, 1)]
horse,[(93, 1)]
kollu,[(93, 1)]
kulith,[(93, 1)]
chutney,[(93, 2)]
dalia,[(94, 1)]
godumai,[(94, 1)]
rava,[(94, 1)]
koftas,[(95, 1), (188, 1)]
sking,[(96, 1)]
mixture,[(96, 1)]
desired,[(97, 1)]
bottle,[(98, 1), (186, 1), (188, 1), (196, 1)]
lauki,[(98, 1), (186, 1), (188, 1), (196, 1)]
spring,[(102, 1), (116, 1)]
bulb,[(102, 1), (116, 1)]
atste,[(102, 1)]
slow,[(107, 1)]
khoya,[(108, 1)]
mawa,[(108, 1)]
hard,[(108, 1), (178, 1)]
half,[(108, 1), (181, 1)]
kopra,[(109, 1)]
season,[(109, 1)]
other,[(109, 1), (153, 1), (157, 1), (169, 1)]
suit,[(109, 1)]
levels,[(109, 1)]
gives,[(110, 1)]
better,[(110, 1)]
mutton,[(111, 1), (126, 1), (160, 1), (178, 1), (185, 1)]
wadi,[(113, 1)]
chayote,[(114, 1)]
deseeded,[(114, 1)]
tsp,[(114, 1)]
pod,[(116, 1)]
firm,[(116, 1)]
pakoda,[(117, 1)]
fry,[(117, 1)]
temper,[(118, 1), (157, 1), (190, 1)]
juiced,[(119, 1), (124, 1)]
thekera,[(123, 1)]
of,[(123, 1)]
gawar,[(124, 1)]
phali,[(124, 1)]
kothavarangai,[(124, 1)]
cluster,[(124, 1)]
brown,[(125, 1), (185, 1)]
tablespoons,[(126, 2)]
crabs,[(127, 1)]
fried,[(127, 1)]
chilled,[(129, 1)]
moringamurungai,[(130, 1), (155, 1), (175, 1)]
keerai,[(130, 1), (155, 1), (175, 1)]
caramelized,[(134, 1)]
sardine,[(138, 1)]
carps,[(138, 1)]
blanched,[(139, 1), (150, 2)]
tonak,[(140, 1)]
lamb,[(141, 1)]
ribs,[(141, 1)]
thighs,[(142, 1)]
preferable,[(142, 1), (193, 1)]
bread,[(142, 1)]
crumbs,[(142, 1)]
coating,[(142, 1)]
namak,[(144, 1), (187, 1)]
if,[(144, 1)]
using,[(144, 1)]
fast,[(144, 1)]
marble,[(147, 1), (176, 1)]
avarekai,[(148, 1)]
broad,[(148, 1)]
smooth,[(150, 1)]
seeraga,[(152, 1)]
jeeraga,[(152, 1)]
samba,[(152, 1)]
pottukadalai,[(153, 1), (157, 1)]
kalonji,[(154, 1)]
nigella,[(154, 1)]
extracted,[(155, 1)]
stone,[(156, 1)]
biryani,[(156, 1), (165, 1)]
roasting,[(156, 1)]
chickpea,[(163, 1)]
flax,[(163, 2)]
seed,[(163, 1)]
meal,[(163, 1)]
veggies,[(163, 1)]
soy,[(164, 1), (168, 1)]
granules,[(164, 1)]
kulchas,[(164, 1)]
broccoli,[(165, 1), (197, 1)]
heaped,[(165, 1)]
orange,[(168, 1)]
color,[(168, 1)]
sauce,[(168, 2)]
tabasco,[(168, 1)]
original,[(168, 1)]
thyme,[(168, 1)]
fine,[(169, 1)]
saffron,[(170, 1)]
strands,[(170, 1)]
avarekalu,[(171, 1), (177, 1)]
lilva,[(171, 1), (177, 1)]
round,[(172, 1)]
shape,[(172, 1)]
ragi,[(175, 1)]
finger,[(175, 1)]
nagli,[(175, 1)]
rotis,[(175, 1)]
ball,[(176, 1)]
egg,[(178, 1), (197, 1)]
niramish,[(179, 1)]
shobji,[(179, 1)]
jhol,[(179, 1)]
chapor,[(179, 1), (180, 1)]
main,[(181, 1)]
destemmed,[(181, 1)]
knead,[(182, 1)]
atleast,[(185, 1)]
coal,[(185, 1)]
smoking,[(185, 1)]
charcoal,[(185, 1)]
bathua,[(187, 1)]
thalipeeth,[(189, 1)]
tindora,[(190, 1)]
dondakaya,[(190, 1)]
kovakkai,[(190, 1)]
manoli,[(190, 1)]
tender,[(190, 1)]
ones,[(190, 1)]
manathakkali,[(192, 1)]
kai,[(192, 1)]
vathal,[(192, 1)]
mor,[(192, 1)]
milagai,[(192, 1)]
grounded,[(193, 1)]
uttapam,[(195, 2)]
idli,[(195, 1)]
topping,[(195, 1)]
pineapple,[(199, 1)]
